Coach Name,Year,Cluster,Cluster_Name,tSNE_X,tSNE_Y,tSNE_X_3D,tSNE_Y_3D,tSNE_Z_3D,Age_at_Hire,Previous_HC_Stints,College_Position_Years,College_Coordinator_Years,College_HC_Years,NFL_Position_Years,NFL_Coordinator_Years,NFL_HC_Years,Avg_2Y_Win_Pct,Tenure_Class
Aaron Glenn,2025,0,Modern Coordinators,15.814469,-12.975796,-19.637438,-52.836636,-52.643444,53,0,0,0,0,5,4,0,,-1
Abe Gibron,1972,0,Modern Coordinators,2.7903395,-2.9786181,4.8592067,-13.691183,-0.71623147,47,0,0,0,0,12,0,0,0.26785714285714285,1
Adam Gase,2016,0,Modern Coordinators,4.999855,-8.0821085,30.557499,36.079166,-21.741528,38,0,0,0,0,5,3,0,0.5,1
Adam Gase,2019,0,Modern Coordinators,4.062736,2.5642886,1.719831,75.0803,-1.311552,41,1,0,0,0,5,3,3,0.28125,0
Al Groh,2000,2,High Performers,-9.136607,10.088288,9.034761,65.1434,-28.565884,56,0,10,3,7,7,5,0,0.5625,0
Al Saunders,1986,1,NFL Veterans,-11.332541,0.196165,-41.82064,49.149803,22.733679,39,0,4,7,0,3,0,0,0.4541666666666666,1
Andy Reid,1999,0,Modern Coordinators,-6.770185,-3.0445266,-27.569159,9.472142,16.756397,41,0,6,3,0,7,0,0,0.5,2
Andy Reid,2013,4,Veteran Retreads,7.3173447,10.077936,58.049164,-4.5871077,5.336878,55,1,6,3,0,7,0,14,0.625,2
Anthony Lynn,2017,0,Modern Coordinators,9.182307,-7.585086,-2.3810616,-50.205597,10.850482,49,0,0,0,0,13,1,0,0.65625,1
Antonio Pierce,2024,0,Modern Coordinators,4.1921587,-9.056218,-3.932776,-0.9051013,-17.996572,46,0,0,0,0,2,0,0,0.2352941176470588,0
Art Shell,1989,0,Modern Coordinators,7.4318,-6.6523232,-4.850535,9.572984,-27.83302,43,0,0,0,0,6,0,0,0.6666666666666667,2
Art Shell,2006,4,Veteran Retreads,6.8795366,3.4820406,17.531921,-35.600563,43.524933,60,1,0,0,0,12,0,6,0.125,0
Arthur Smith,2021,0,Modern Coordinators,5.7305784,-10.358441,37.85805,50.112823,-6.421012,39,0,0,0,0,4,2,0,0.4117647058823529,1
Barry Switzer,1994,3,Position Coach Veterans,-21.138834,9.281358,-23.73632,46.919884,42.697662,57,0,5,7,16,0,0,0,0.75,1
Bart Starr,1975,0,Modern Coordinators,4.4357586,-4.690437,-20.107693,0.49302992,-11.792163,41,0,0,0,0,1,0,0,0.3214285714285714,2
Ben Johnson,2025,0,Modern Coordinators,5.1496964,-3.2984054,-57.989887,-5.78521,-24.233355,39,0,1,0,0,4,3,0,,-1
Ben McAdoo,2016,0,Modern Coordinators,6.3827615,-12.089985,-27.76623,-60.80561,18.33455,39,0,2,0,0,8,2,0,0.4270833333333333,0
Bill Arnsparger,1974,2,High Performers,-1.1128427,2.9532425,-24.253046,-35.512764,16.013506,48,0,14,0,0,6,8,0,0.25,0
Bill Arnsparger,1976,2,High Performers,15.837947,1.3343865,-57.485916,3.3957684,-44.515118,50,1,14,0,0,6,10,2,0.0,0
Bill Austin,1970,0,Modern Coordinators,3.5522008,-8.38566,2.3873823,-34.3698,34.42882,42,1,0,0,0,8,0,3,0.42857142857142855,0
Bill Belichick,1991,0,Modern Coordinators,3.477387,-6.159483,6.644881,10.954386,-40.151466,39,0,0,0,0,8,6,0,0.40625,2
Bill Belichick,2000,2,High Performers,10.242236,2.173936,-23.57327,0.6105467,-63.250824,48,1,0,0,0,9,9,5,0.5,2
Bill Callahan,2002,2,High Performers,14.768385,0.12014924,-45.315567,4.119921,-54.341595,46,0,7,1,0,3,4,0,0.46875,0
Bill Cowher,1992,2,High Performers,6.430058,-4.4642043,-31.453726,0.32875136,-23.039047,35,0,0,0,0,4,3,0,0.625,2
Bill Johnson,1976,2,High Performers,14.9884205,-5.3434744,-59.8206,-35.866135,9.323837,50,0,0,0,0,17,0,0,0.6428571428571428,1
Bill O'Brien,2014,1,NFL Veterans,-7.7499,-0.10931316,14.394384,-73.85606,5.6545415,45,0,7,4,2,3,1,0,0.5625,2
Bill Parcells,1983,2,High Performers,-6.8633475,1.2769761,-50.738758,28.137026,18.160717,42,0,12,2,1,1,2,0,0.390625,2
Bill Parcells,1993,4,Veteran Retreads,5.099066,11.221396,55.15216,0.90870386,28.006664,52,1,12,2,1,1,2,8,0.46875,1
Bill Parcells,1997,4,Veteran Retreads,5.3989058,11.276147,54.0915,2.2371538,18.122204,56,2,12,2,1,1,2,12,0.65625,1
Bill Parcells,2003,4,Veteran Retreads,6.2490196,11.256263,59.562515,9.297993,10.213535,62,3,12,2,1,1,2,15,0.5,1
Bill Peterson,1972,3,Position Coach Veterans,-18.192854,12.297678,-43.07777,33.963448,41.563404,49,0,5,0,12,0,0,0,0.03571428571428571,0
Bill Walsh,1979,0,Modern Coordinators,-0.22956306,-5.1009016,-69.319786,7.094106,20.70207,48,0,0,0,2,6,1,0,0.25,2
Bob Hollway,1971,2,High Performers,19.778185,1.5250025,-32.805874,-7.0655026,-44.01112,45,0,0,0,0,2,2,0,0.32142857142857145,0
Bobby Petrino,2007,1,NFL Veterans,-14.526556,-0.19973834,-25.16869,57.64252,-2.8874595,46,0,5,10,4,2,1,0,0.2307692307692308,0
Bobby Ross,1992,3,Position Coach Veterans,-20.439915,12.383942,6.671505,40.64406,36.90594,57,0,0,0,15,4,0,0,0.59375,2
Bobby Ross,1997,3,Position Coach Veterans,-22.481752,12.273424,12.546992,28.019117,31.88171,62,1,0,0,15,4,0,5,0.4375,1
Brad Childress,2006,1,NFL Veterans,-12.579981,-0.8443793,-27.055717,63.835987,-16.540472,50,0,11,9,0,4,4,0,0.4375,2
Brandon Staley,2021,1,NFL Veterans,20.267464,2.2284265,-21.591446,-4.6228123,-40.291878,39,0,1,4,0,3,1,0,0.5588235294117647,1
Brian Billick,1999,0,Modern Coordinators,-5.6790733,-1.7587093,-29.041826,19.061045,3.1874726,45,0,8,3,0,1,6,0,0.625,2
Brian Callahan,2024,0,Modern Coordinators,1.2443439,-6.719651,10.013788,17.832954,-23.449142,40,0,0,0,0,3,5,0,0.17647058823529413,-1
Brian Daboll,2022,0,Modern Coordinators,2.8668072,-1.5224144,-7.9692554,-15.067668,3.8100874,47,0,0,1,0,10,8,0,0.4558823529411765,-1
Brian Flores,2019,0,Modern Coordinators,1.6428285,-3.5720894,89.5503,-64.16455,51.010082,38,0,0,0,0,8,0,0,0.46875,1
Brian Schottenheimer,2025,2,High Performers,2.3742347,-15.850303,-7.4546304,-3.935266,-67.184525,52,0,2,1,0,8,14,0,,-1
Bruce Arians,2013,1,NFL Veterans,-14.669911,6.8714204,8.095284,36.115997,15.17562,61,0,5,4,6,11,9,0,0.65625,2
Bruce Arians,2019,1,NFL Veterans,-11.4333935,14.658573,34.433872,6.3665347,61.290833,67,1,5,4,6,11,9,5,0.5625,1
Bruce Coslet,1990,0,Modern Coordinators,2.9610302,-10.474906,-67.88108,25.357496,18.90503,44,0,0,0,0,5,4,0,0.4375,1
Bruce Coslet,1997,0,Modern Coordinators,8.635976,3.4217014,27.28488,-33.007973,1.0594704,51,1,0,0,0,5,7,4,0.3125,1
Bud Carson,1989,2,High Performers,-6.6881847,11.519003,-47.58146,1.0610175,55.12329,58,0,0,1,5,0,16,0,0.4079861111111111,0
Bud Grant,1985,4,Veteran Retreads,10.040638,10.242422,68.41512,-16.4627,0.979574,58,1,0,0,0,0,0,17,0.4375,0
Bud Wilkinson,1978,3,Position Coach Veterans,-21.986403,10.730434,-12.748279,52.635323,53.743355,62,0,0,0,17,0,0,0,0.3028846153846154,0
Buddy Ryan,1986,0,Modern Coordinators,-2.201574,3.126515,-29.670126,-22.04437,26.18395,55,0,5,1,0,8,8,0,0.4052083333333333,2
Buddy Ryan,1994,4,Veteran Retreads,-0.38598502,5.0097404,32.4589,-18.37808,-5.963255,63,1,5,1,0,8,9,5,0.375,0
Bum Phillips,1975,0,Modern Coordinators,-1.2072047,11.442272,30.974892,-43.25603,-43.61446,52,0,0,2,1,1,2,0,0.5357142857142857,2
Bum Phillips,1981,0,Modern Coordinators,11.567622,-15.941251,25.895905,-54.924534,-37.505184,58,1,0,2,1,1,2,6,0.3472222222222222,2
Butch Davis,2001,0,Modern Coordinators,-10.850107,4.6762624,40.464417,13.209913,27.539774,50,0,10,0,6,4,2,0,0.5,1
Cam Cameron,2007,2,High Performers,-11.568946,8.854575,19.242819,47.04459,-7.8185086,46,0,8,0,5,3,5,0,0.0625,0
Chan Gailey,1998,2,High Performers,-7.8419967,0.9103422,-49.27263,18.506792,28.930248,46,0,5,2,3,6,4,0,0.5625,0
Chan Gailey,2010,3,Position Coach Veterans,-14.772678,7.876606,97.3784,-33.237953,-69.14445,58,1,5,2,9,6,7,2,0.3125,1
Charley Winner,1974,0,Modern Coordinators,14.885967,-7.930042,20.988243,-34.631317,12.7698145,50,1,0,0,0,11,4,5,0.3611111111111111,0
Charlie Waller,1970,2,High Performers,-4.418556,1.3229406,-46.645638,10.810434,8.100164,49,0,15,0,0,0,0,0,0.4642857142857143,0
Chip Kelly,2013,1,NFL Veterans,-15.36398,-0.027852824,-25.589108,68.50717,4.0573125,50,0,8,11,4,0,0,0,0.625,1
Chip Kelly,2016,1,NFL Veterans,-15.208605,-0.9664888,-13.416685,52.393764,-0.056190252,53,1,8,11,4,0,0,3,0.125,0
Chris Palmer,1999,1,NFL Veterans,-14.032386,0.562926,54.539486,-66.334854,-5.9633064,50,0,4,7,4,7,2,0,0.15625,0
Chuck Fairbanks,1973,0,Modern Coordinators,-14.717358,12.665268,51.436874,-48.096584,33.103985,40,0,0,0,6,0,0,0,0.4285714285714286,2
Chuck Knox,1973,2,High Performers,11.22731,-5.362764,43.743023,28.719929,-38.614178,41,0,0,0,0,6,0,0,0.7857142857142857,2
Chuck Knox,1978,0,Modern Coordinators,5.724028,2.6918488,27.780767,-22.267607,29.056168,46,1,0,0,0,6,0,5,0.375,2
Chuck Knox,1983,4,Veteran Retreads,7.788125,7.533117,-29.381214,-40.551235,-40.53215,51,2,0,0,0,6,0,10,0.65625,2
Chuck Knox,1992,4,Veteran Retreads,10.92492,10.682372,76.42992,-23.463713,-8.402751,60,3,0,0,0,6,0,19,0.34375,1
Chuck Pagano,2012,1,NFL Veterans,-2.4242544,4.4583645,18.96423,23.547728,-40.957073,52,0,13,2,0,9,1,0,0.6875,2
Clive Rush,1970,0,Modern Coordinators,-8.42193,5.717354,-23.93741,-18.414549,45.364914,39,0,6,0,3,0,0,0,0.14285714285714285,0
Dan Campbell,2021,0,Modern Coordinators,3.3443596,-12.165123,-0.4614318,-35.44509,17.739237,45,0,0,0,0,10,0,0,0.36764705882352944,2
Dan Devine,1971,3,Position Coach Veterans,-20.09358,12.619215,6.690796,33.092663,49.1395,47,0,0,0,16,0,0,0,0.5357142857142857,1
Dan Henning,1983,2,High Performers,12.220527,-6.446789,17.28773,-29.197298,-62.665726,41,0,3,2,0,6,0,0,0.34375,1
Dan Henning,1989,0,Modern Coordinators,4.73031,4.042082,41.075443,6.4457498,-18.769348,47,1,3,2,0,6,0,4,0.375,1
Dan Quinn,2015,1,NFL Veterans,20.509768,2.6714127,-17.289307,-4.2016873,-29.895634,45,0,6,3,0,8,2,0,0.59375,2
Dan Quinn,2024,4,Veteran Retreads,-0.832647,4.9478436,25.808464,-9.429065,-3.4083624,54,1,6,3,0,8,5,6,0.7058823529411765,-1
Dan Reeves,1981,2,High Performers,4.8760037,-6.9500437,-11.567768,45.021915,-45.5725,37,0,0,0,0,2,4,0,0.4236111111111111,2
Dan Reeves,1993,4,Veteran Retreads,10.004062,8.62039,66.74418,-32.738274,15.910331,49,1,0,0,0,2,4,12,0.625,1
Dan Reeves,1997,4,Veteran Retreads,11.244464,9.8050585,69.609634,-32.14568,-1.0476631,53,2,0,0,0,2,4,16,0.65625,2
Darryl Rogers,1985,3,Position Coach Veterans,-21.458467,13.47193,7.476668,56.66773,51.719875,51,0,4,0,20,0,0,0,0.375,1
Dave Campo,2000,2,High Performers,14.245736,0.40122443,-69.86655,8.710798,-17.909704,53,0,6,2,0,4,5,0,0.3125,1
Dave Canales,2024,0,Modern Coordinators,0.18935616,-6.564226,-1.1447314,6.1289043,-3.3640933,43,0,3,0,0,6,1,0,0.29411764705882354,-1
Dave McGinnis,2001,0,Modern Coordinators,-0.8585988,10.166605,19.122509,-31.588905,-40.03445,50,0,3,0,0,10,5,0,0.375,1
Dave Wannstedt,1993,2,High Performers,-5.8763175,-0.105871804,-39.946316,25.22987,2.9801838,41,0,10,3,0,0,4,0,0.5,2
Dave Wannstedt,2000,2,High Performers,-5.977112,2.7180262,-46.128357,26.235128,-11.491638,48,1,10,3,0,0,5,6,0.6875,2
David Culley,2021,0,Modern Coordinators,17.349087,-7.5061283,-33.3165,-48.678444,33.43341,66,0,13,2,0,25,0,0,0.2352941176470588,0
David Shula,1992,0,Modern Coordinators,5.819783,-12.8363695,-28.377918,-66.47397,6.728931,33,0,0,0,0,8,2,0,0.25,2
DeMeco Ryans,2023,0,Modern Coordinators,-0.1127421,-3.3707764,24.05151,7.2552257,-12.886375,39,0,0,0,0,3,2,0,0.5882352941176471,-1
Dennis Allen,2012,0,Modern Coordinators,10.235938,-13.899938,1.1757933,-51.40353,-46.03341,40,0,2,0,0,3,1,0,0.25,1
Dennis Allen,2022,2,High Performers,11.372554,-0.42141354,-62.405663,20.884453,-32.224396,50,1,2,0,0,4,7,3,0.4705882352941176,1
Dennis Erickson,1995,3,Position Coach Veterans,-18.563635,9.11882,-8.533486,48.36806,22.351698,48,0,3,8,13,0,0,0,0.46875,1
Dennis Erickson,2003,3,Position Coach Veterans,-20.991325,9.140023,-20.14687,57.30386,38.853107,56,1,3,8,17,0,0,4,0.28125,0
Dennis Green,1992,3,Position Coach Veterans,-13.239617,10.504311,-6.3070745,5.682117,50.919437,43,0,6,1,8,4,0,0,0.625,2
Dennis Green,2004,4,Veteran Retreads,-15.04237,15.883693,-45.0012,-14.1831665,42.218388,55,1,6,1,8,4,0,10,0.34375,1
Dick Jauron,1999,0,Modern Coordinators,-0.45415628,10.10167,-18.849535,-45.10155,133.62997,49,0,0,0,0,9,4,0,0.34375,2
Dick Jauron,2006,0,Modern Coordinators,16.445969,-11.992311,36.429558,-8.440442,-60.51044,56,1,0,0,0,9,6,5,0.4375,1
Dick LeBeau,2001,0,Modern Coordinators,0.392661,9.563425,19.1743,-0.08328585,-53.508553,64,0,0,0,0,14,14,0,0.25,0
Dick MacPherson,1991,3,Position Coach Veterans,-20.285778,14.54213,22.890732,47.038662,31.113562,61,0,0,0,17,4,0,0,0.25,0
Dick Nolan,1978,4,Veteran Retreads,3.8792748,7.444803,32.41326,-20.43054,53.522274,46,1,0,0,0,5,2,8,0.46875,1
Dick Vermeil,1976,0,Modern Coordinators,5.4490414,-3.1997638,-25.47265,13.725136,-34.03201,40,0,0,1,2,4,0,0,0.3214285714285714,2
Dick Vermeil,1997,4,Veteran Retreads,6.355232,5.9260354,38.188164,-8.691564,24.97379,61,1,0,1,2,4,0,7,0.28125,1
Dick Vermeil,2001,4,Veteran Retreads,11.724973,6.9012623,51.17266,-46.023952,4.931611,65,2,0,1,2,4,0,10,0.4375,2
Dirk Koetter,2016,1,NFL Veterans,-16.484385,1.2478666,-12.788481,64.19047,11.422936,57,0,0,13,9,0,9,0,0.4375,1
Dom Capers,1995,0,Modern Coordinators,-1.4840912,3.4926066,-24.890354,-24.216753,14.717307,45,0,9,0,0,6,3,0,0.59375,1
Dom Capers,2002,4,Veteran Retreads,-1.103226,4.0605273,8.574132,60.5792,-10.060785,52,1,9,0,0,6,5,4,0.28125,1
Don Coryell,1973,3,Position Coach Veterans,-21.32779,12.10902,13.195514,44.428856,53.50783,49,0,0,0,18,0,0,0,0.5178571428571429,2
Don Coryell,1978,3,Position Coach Veterans,-21.708355,12.748162,-0.46769506,54.769817,40.11822,54,1,0,0,18,0,0,5,0.7083333333333333,2
Don McCafferty,1970,2,High Performers,14.734444,-4.585712,-56.17925,-26.148623,4.341328,49,0,0,0,0,11,0,0,0.7678571428571428,1
Don McCafferty,1973,2,High Performers,13.579726,-8.203014,51.969536,10.388055,-47.198387,52,1,0,0,0,11,0,3,0.4642857142857143,0
Don Shula,1970,4,Veteran Retreads,-5.4497046,-11.469485,19.648365,-18.734234,6.9922886,40,1,2,0,0,1,2,7,0.7321428571428572,2
Doug Marrone,2013,0,Modern Coordinators,-9.822382,6.9007206,24.717442,33.15793,3.3672054,49,0,9,0,4,4,3,0,0.46875,0
Doug Marrone,2017,0,Modern Coordinators,-9.82234,7.1611967,11.890889,-68.28986,26.981358,53,1,9,0,4,6,3,2,0.46875,1
Doug Pederson,2016,0,Modern Coordinators,7.9933248,-12.545803,-10.991652,-38.965206,-31.956867,48,0,0,0,0,2,3,0,0.625,2
Doug Pederson,2022,0,Modern Coordinators,3.1805575,4.8419495,35.693275,-2.966589,40.624245,54,1,0,0,0,2,3,5,0.5294117647058824,1
Ed Biles,1981,2,High Performers,-9.360638,11.70544,9.257529,48.234547,-25.408922,50,0,0,0,7,5,6,0,0.2743055555555556,1
Ed Hughes,1971,0,Modern Coordinators,6.2317467,-7.3213806,19.601233,-51.23449,35.34617,44,0,1,0,0,6,1,0,0.32142857142857145,0
Ed Khayat,1971,0,Modern Coordinators,4.1949625,-10.67943,7.526601,6.6699476,-77.50439,36,0,0,0,0,4,0,0,0.38474025974025977,0
Eric Mangini,2006,0,Modern Coordinators,15.206201,-16.859089,-0.62820154,30.472757,-49.94865,35,0,0,0,0,5,1,0,0.4375,1
Eric Mangini,2009,0,Modern Coordinators,15.119763,-16.92048,2.3231971,32.587875,-41.34061,38,1,0,0,0,5,1,3,0.3125,0
Ernie Hefferle,1975,0,Modern Coordinators,-0.9589667,-1.4377605,16.463522,-2.0196455,44.87196,60,0,6,0,2,2,0,0,0.125,0
Forrest Gregg,1975,0,Modern Coordinators,1.6507381,-5.530617,9.284921,64.966736,9.382476,42,0,0,0,0,2,0,0,0.4285714285714286,1
Forrest Gregg,1980,0,Modern Coordinators,5.146819,2.256735,18.537346,-19.487848,39.415096,47,1,0,0,0,2,0,3,0.5625,1
Forrest Gregg,1984,4,Veteran Retreads,13.433046,7.7654557,27.464506,-49.026405,-2.7894614,51,2,0,0,0,2,0,7,0.5,1
Frank Gansz,1987,2,High Performers,8.603077,-3.4842973,-20.398779,-68.71961,-23.999866,49,0,0,0,0,9,0,0,0.2739583333333333,0
Frank Kush,1982,3,Position Coach Veterans,-21.831665,14.910257,10.391086,65.74465,36.525726,53,0,3,0,22,0,0,0,0.2465277777777778,0
Frank Kush,1984,3,Position Coach Veterans,-22.062735,14.466178,22.553205,62.343685,33.17759,55,1,3,0,22,0,0,2,0.26666666666666666,0
Frank Reich,2018,0,Modern Coordinators,2.077917,-10.32832,3.731054,-20.770845,49.334972,57,0,0,0,0,2,4,0,0.53125,2
Frank Reich,2023,4,Veteran Retreads,4.3047256,5.261622,41.60893,-0.5792692,-5.2787724,62,1,0,0,0,2,4,5,0.09090909090909093,0
Fred Bruney,1985,0,Modern Coordinators,19.909134,-8.368149,8.439049,-27.658752,-26.175488,54,0,0,0,0,20,2,0,1.0,0
Freddie Kitchens,2019,0,Modern Coordinators,8.582686,-8.087745,14.573062,-26.650597,-7.8922715,45,0,5,0,0,12,1,0,0.375,0
Gary Kubiak,2006,0,Modern Coordinators,0.4204989,-9.842941,18.388334,0.04314048,27.036257,45,0,2,0,0,1,11,0,0.4375,2
Gary Kubiak,2015,2,High Performers,13.809862,5.005431,38.231785,-51.740143,-18.3803,54,1,2,0,0,1,12,8,0.65625,0
Gary Moeller,2000,1,NFL Veterans,-15.993854,0.7321138,-21.374071,54.3511,11.811347,59,0,6,12,8,5,0,0,0.5714285714285714,0
Gene Stallings,1986,2,High Performers,-8.788651,11.805881,-21.139559,22.166292,64.86464,51,0,0,0,7,14,0,0,0.3739583333333333,0
Gene Stallings,1988,3,Position Coach Veterans,-12.626436,12.096012,3.1189272,-3.8838363,60.991547,53,1,0,0,7,14,0,2,0.4460227272727273,0
George Allen,1971,0,Modern Coordinators,11.022954,-15.081034,14.905558,-54.9571,-29.517437,53,1,0,0,0,1,2,5,0.7321428571428572,2
George Seifert,1989,2,High Performers,16.61617,0.68224543,-56.125042,-6.9813905,-51.870922,49,0,11,0,3,3,6,0,0.875,2
George Seifert,1999,4,Veteran Retreads,4.1833477,9.178625,53.9454,-14.111953,40.30313,59,1,11,0,3,3,6,8,0.46875,1
Greg Schiano,2012,3,Position Coach Veterans,-17.40387,11.08279,44.169693,-34.204926,44.3093,46,0,5,2,11,1,0,0,0.34375,0
Gregg Williams,2001,2,High Performers,12.381375,-3.4690247,-40.675373,-8.0932665,16.1215,43,0,0,0,0,4,4,0,0.34375,1
Gunther Cunningham,1999,2,High Performers,12.961655,0.50832343,-56.3894,9.19626,-15.145182,53,0,11,0,0,10,6,0,0.5,0
Gus Bradley,2013,1,NFL Veterans,-14.414064,-2.3233263,-7.1388817,48.479275,-12.096328,47,0,0,11,0,2,4,0,0.21875,1
Hal Hunter,1984,1,NFL Veterans,-11.579585,4.6625247,27.912464,14.8416815,29.699905,50,0,16,2,4,2,0,0,0.0,0
Hank Bullough,1986,0,Modern Coordinators,2.3017364,-0.43477762,-10.258679,-21.795452,21.748022,52,0,0,0,0,8,11,0,0.2222222222222222,0
Hank Kuhlmann,1989,0,Modern Coordinators,12.45668,-8.422227,-16.150415,-47.11636,29.056372,52,0,0,0,0,10,0,0,0.0,0
Hank Stram,1970,2,High Performers,13.975136,-2.1643085,-76.47568,-1.9326392,-1.0783352,46,0,0,0,0,0,0,0,0.6607142857142857,2
Hank Stram,1976,0,Modern Coordinators,5.01337,5.5454454,39.157967,-6.4851594,7.9461093,52,1,0,0,0,0,0,5,0.25,0
Harland Svare,1971,0,Modern Coordinators,10.820098,-14.71008,7.010887,-51.121338,-34.91347,41,1,0,0,0,0,6,4,0.4107142857142857,1
Harvey Johnson,1971,0,Modern Coordinators,-3.3597648,-6.805682,36.4333,15.902574,0.44416735,52,0,0,0,0,0,0,0,0.07142857142857142,0
Herm Edwards,2001,2,High Performers,8.785924,-4.886307,-17.297987,-124.62911,2.8918781,47,0,0,0,0,9,0,0,0.59375,2
Herm Edwards,2006,2,High Performers,14.262444,-9.124483,13.950505,-45.552067,5.8556304,52,1,0,0,0,9,0,5,0.40625,1
Homer Rice,1978,2,High Performers,-11.236036,10.394666,-32.289753,4.6285253,44.547527,51,0,1,0,4,0,0,0,0.3068181818181818,0
Howard Schnellenberger,1973,2,High Performers,-13.354017,-5.0056634,21.5581,30.734346,-58.022484,39,0,0,5,0,4,3,0,0.14285714285714285,0
Hue Jackson,2011,1,NFL Veterans,-7.6427755,-3.1395266,52.19761,38.456947,-12.452229,46,0,5,5,0,7,3,0,0.5,0
Hue Jackson,2016,1,NFL Veterans,-7.813454,-4.5105705,-2.0486827,21.572231,8.658628,51,1,5,5,0,9,5,1,0.03125,0
Hue Jackson,2018,1,NFL Veterans,-8.298075,-7.4540887,53.827038,20.354464,-7.096523,53,2,5,5,0,9,5,3,0.3125,0
Hugh Campbell,1984,3,Position Coach Veterans,-14.706756,13.02075,49.788616,26.708454,22.237637,43,0,0,0,7,0,0,0,0.2723214285714286,0
J.D. Roberts,1970,0,Modern Coordinators,4.873767,-10.719287,0.44377688,-41.58208,51.29154,38,0,0,0,0,2,0,0,0.25,1
Jack Del Rio,2003,2,High Performers,-2.782911,-13.267638,-18.159935,-19.633812,-31.426802,40,0,0,0,0,3,1,0,0.4375,2
Jack Del Rio,2015,4,Veteran Retreads,3.9871368,7.250954,38.04737,-15.372301,45.50609,52,1,0,0,0,3,4,9,0.59375,1
Jack Pardee,1975,0,Modern Coordinators,-1.8233302,-7.60857,69.57078,120.06244,37.478775,39,0,0,0,0,0,0,0,0.3928571428571429,1
Jack Pardee,1978,2,High Performers,10.109337,-1.6032125,-61.205383,27.471622,-14.789122,42,1,0,0,0,0,0,3,0.5625,1
Jack Pardee,1990,2,High Performers,12.43121,-18.321072,10.64068,-69.87977,-18.527437,54,2,0,0,3,0,1,6,0.625,2
Jack Patera,1976,0,Modern Coordinators,8.934117,-6.5675206,3.3863723,17.730085,69.78803,43,0,0,0,0,13,0,0,0.25,2
Jason Garrett,2010,2,High Performers,12.937241,-4.159042,-49.612118,-19.261133,20.700418,44,0,0,0,0,2,4,0,0.5625,2
Jay Gruden,2014,2,High Performers,7.5121336,-11.466627,30.859821,61.470505,52.493786,47,0,0,0,0,0,3,0,0.40625,2
Jeff Fisher,1995,0,Modern Coordinators,12.115405,-11.117334,-31.178795,-22.16754,-64.09549,37,0,0,0,0,5,4,0,0.46875,0
Jeff Fisher,1997,2,High Performers,12.016594,-11.37764,-24.880272,-28.965675,-57.595734,39,1,0,0,0,5,4,2,0.5,2
Jeff Fisher,2012,4,Veteran Retreads,9.285375,11.480543,64.4017,-11.840734,-14.967177,54,2,0,0,0,5,4,16,0.453125,1
Jeff Fisher,2016,4,Veteran Retreads,9.489301,11.633525,67.70853,-1.5890027,-19.52101,58,3,0,0,0,5,4,20,0.3076923076923077,0
Jerod Mayo,2024,0,Modern Coordinators,4.2386417,-4.655613,-19.346098,10.130717,-17.956776,38,0,0,0,0,5,0,0,0.2352941176470588,0
Jerry Burns,1986,1,NFL Veterans,-13.134139,7.037769,2.8284242,10.379207,31.604145,59,0,2,4,5,2,18,0,0.5479166666666666,2
Jerry Glanville,1986,0,Modern Coordinators,0.32896197,11.998794,37.425808,-27.910364,-38.701767,45,0,6,1,0,5,6,0,0.45625,1
Jerry Glanville,1990,0,Modern Coordinators,0.47008774,12.042666,40.623245,-21.855696,-45.31177,49,1,6,1,0,5,6,4,0.46875,1
Jerry Smith,1971,0,Modern Coordinators,4.299026,-7.750925,-8.4418125,-66.8601,16.547707,41,0,0,0,0,2,0,0,0.4,0
Jim Caldwell,2009,2,High Performers,-8.843397,10.935681,-32.702732,26.372658,59.405968,54,0,9,0,8,8,0,0,0.75,1
Jim Caldwell,2014,3,Position Coach Veterans,-12.04402,13.830048,21.924936,10.168336,58.213936,59,1,9,0,8,9,1,3,0.5625,1
Jim Fassel,1997,1,NFL Veterans,-14.4153805,4.702404,-3.1152558,37.891994,5.0263233,48,0,3,5,5,1,4,0,0.578125,2
Jim Hanifan,1980,2,High Performers,14.52211,-3.4735303,-52.23455,-11.866267,3.996245,47,0,1,0,0,7,0,0,0.375,2
Jim Harbaugh,2011,3,Position Coach Veterans,-12.488915,10.128469,-18.646183,9.301854,46.821976,48,0,0,0,7,2,0,0,0.765625,1
Jim Harbaugh,2024,3,Position Coach Veterans,-22.183825,12.647487,63.36692,-17.869665,-38.153877,61,1,0,0,16,2,0,4,0.6470588235294118,-1
Jim Haslett,2000,0,Modern Coordinators,-3.124316,-2.3779984,-9.292601,-6.312545,35.23066,45,0,1,2,0,3,4,0,0.53125,2
Jim Mora,2004,0,Modern Coordinators,11.166562,-19.147512,-9.088318,-65.06548,-4.629357,43,0,0,0,0,13,5,0,0.59375,1
Jim Mora,2009,0,Modern Coordinators,11.137726,-19.048262,-1.2488892,-68.09762,-9.054417,48,1,0,0,0,15,5,3,0.3125,0
Jim Ringo,1976,2,High Performers,12.920462,-6.2479315,-57.905956,-22.575369,-10.306597,45,0,0,0,0,7,0,0,0.10714285714285714,0
Jim Schwartz,2009,0,Modern Coordinators,0.365593,-11.115442,21.785374,3.3368554,-31.412905,43,0,3,0,0,1,8,0,0.25,2
Jim Tomsula,2015,2,High Performers,12.0620165,-1.5291883,-16.60179,-57.05874,-31.949636,47,0,6,0,0,9,0,0,0.3125,0
Jim Zorn,2008,0,Modern Coordinators,-7.3499403,-1.638196,-39.50471,-36.99852,33.93175,55,0,6,3,0,10,0,0,0.375,0
Jimmy Johnson,1989,3,Position Coach Veterans,-17.156124,9.4735775,28.572008,-51.961,-78.68844,46,0,3,6,10,0,0,0,0.25,2
Jimmy Johnson,1996,3,Position Coach Veterans,-19.676065,7.8870096,-12.235314,66.01895,29.738798,53,1,3,6,10,0,0,5,0.53125,1
Joe Bugel,1990,0,Modern Coordinators,1.7131295,-12.761807,0.8420464,-32.709705,-1.5798492,50,0,0,0,0,6,9,0,0.28125,1
Joe Bugel,1997,2,High Performers,10.287677,2.7764013,-14.03572,15.064968,-71.02541,57,1,0,0,0,6,11,4,0.25,0
Joe Gibbs,1981,2,High Performers,7.569652,-1.7436969,-44.058235,10.830155,-30.079042,41,0,9,0,0,5,3,0,0.6944444444444444,2
Joe Gibbs,2004,4,Veteran Retreads,7.256842,9.2803335,-64.72259,-16.221788,46.015873,64,1,9,0,0,5,3,12,0.5,1
Joe Judge,2020,0,Modern Coordinators,4.3638268,-10.231494,-13.206488,-32.308624,41.326912,39,0,1,0,0,0,0,0,0.30514705882352944,0
Joe Philbin,2012,1,NFL Veterans,-12.201025,-2.891835,-25.232336,42.40149,-8.7500725,51,0,9,8,0,3,5,0,0.46875,1
Joe Thomas,1974,0,Modern Coordinators,-0.31983957,-1.8445406,7.2615776,-8.486292,40.609333,53,0,4,0,0,3,0,0,0.18181818181818185,0
Joe Walton,1983,2,High Performers,15.103902,-1.5170325,-60.747723,0.10159882,-0.66838205,48,0,0,0,0,6,8,0,0.4375,2
John Fox,2002,0,Modern Coordinators,-7.003584,-4.9599586,1.7827029,12.91393,15.803251,47,0,6,3,0,5,7,0,0.5625,2
John Fox,2011,4,Veteran Retreads,9.885824,6.994884,44.197617,-26.498055,-0.60828793,56,1,6,3,0,5,7,9,0.65625,1
John Fox,2015,4,Veteran Retreads,11.266273,9.025725,56.685406,-27.7986,2.0534213,60,2,6,3,0,5,7,13,0.28125,1
John Harbaugh,2008,1,NFL Veterans,-13.609454,-3.7095027,-36.69763,45.616753,3.3382523,46,0,5,9,0,1,0,0,0.625,2
John Mackovic,1983,1,NFL Veterans,-13.908086,0.050315596,-38.066505,57.757397,-5.765596,40,0,2,7,3,2,0,0,0.4375,1
John Madden,1970,2,High Performers,-15.338984,-6.938953,-39.588085,39.161884,-48.52342,34,0,0,3,2,0,0,0,0.6428571428571429,2
John Mazur,1971,0,Modern Coordinators,-0.72855014,-8.1901,11.221157,17.912851,-0.790034,41,0,0,0,0,0,1,0,0.3253968253968253,0
John McKay,1976,3,Position Coach Veterans,-20.51749,12.889187,1.2424396,43.805218,47.499905,53,0,0,0,16,0,0,0,0.07142857142857142,2
John McVay,1976,3,Position Coach Veterans,-15.35152,12.685064,48.12087,37.61016,14.895607,45,0,0,0,8,0,0,0,0.3928571428571429,1
John North,1973,0,Modern Coordinators,0.830771,-2.2047215,2.857561,-17.38502,32.1984,52,0,0,0,0,8,0,0,0.35714285714285715,1
John Ralston,1972,3,Position Coach Veterans,-19.212631,12.273011,-1.0441763,29.192215,39.843796,45,0,0,0,13,0,0,0,0.4642857142857143,2
John Rauch,1970,0,Modern Coordinators,-2.4359314,-7.0990357,24.279472,11.052804,2.6128352,43,0,0,0,0,0,0,0,0.25,0
John Robinson,1983,3,Position Coach Veterans,-15.370976,10.447796,33.175167,13.21269,-45.06884,48,0,0,3,7,1,0,0,0.59375,2
John Sandusky,1972,2,High Performers,15.075576,-3.5003963,-64.58679,-16.030285,6.5664797,47,0,0,0,0,13,0,0,0.4444444444444444,0
Jon Gruden,1998,0,Modern Coordinators,5.171025,-11.228963,-14.864904,-30.959911,0.30491805,35,0,2,0,0,2,3,0,0.5,1
Jon Gruden,2002,2,High Performers,10.569959,-1.1851798,-54.497078,26.47669,-23.143114,39,1,2,0,0,2,3,4,0.59375,2
Jon Gruden,2018,4,Veteran Retreads,11.315474,8.114884,-53.154335,47.221096,-32.224773,55,2,2,0,0,2,3,11,0.34375,0
Jon Gruden,2020,4,Veteran Retreads,10.336901,9.737663,121.946594,-76.94743,48.92137,57,3,2,0,0,2,3,13,0.55,0
Jonathan Gannon,2023,2,High Performers,5.930919,-8.336798,-27.403519,-21.564783,-20.066172,40,0,0,0,0,3,2,0,0.3529411764705882,-1
Josh McDaniels,2009,0,Modern Coordinators,5.0878916,-12.275253,-12.0296335,-48.79302,47.997833,33,0,0,0,0,2,3,0,0.375,0
Josh McDaniels,2022,2,High Performers,4.736297,-15.725595,3.671715,-40.31444,-14.901523,46,1,0,0,0,2,14,2,0.36397058823529416,0
June Jones,1994,0,Modern Coordinators,4.169085,-12.718724,-3.4872787,-27.939854,-42.6131,41,0,1,0,0,4,3,0,0.5,1
Kay Stephenson,1983,2,High Performers,11.835634,-4.042205,-41.00418,-18.073431,8.372007,39,0,0,0,0,6,0,0,0.3125,1
Kellen Moore,2025,0,Modern Coordinators,6.4507036,-9.663688,-21.046356,27.540619,-44.756306,36,0,0,0,0,1,6,0,,-1
Ken Meyer,1977,2,High Performers,-2.1145678,-4.6723013,-24.16714,-38.31888,-13.392108,51,0,5,0,0,4,4,0,0.35714285714285715,0
Ken Whisenhunt,2007,0,Modern Coordinators,7.248882,-8.041931,4.6812916,34.175274,68.70655,45,0,2,0,0,7,3,0,0.53125,2
Ken Whisenhunt,2014,4,Veteran Retreads,6.3005414,4.4095473,-54.15918,-316.62054,-36.69775,52,1,2,0,0,7,4,6,0.13392857142857142,0
Kevin Gilbride,1997,1,NFL Veterans,-12.37886,7.9588747,-21.383375,19.779974,31.106493,46,0,4,3,5,0,8,0,0.29166666666666663,0
Kevin O'Connell,2022,0,Modern Coordinators,6.629895,-11.289399,75.51812,9.658802,29.409306,37,0,0,0,0,3,3,0,0.588235294117647,-1
Kevin Stefanski,2020,0,Modern Coordinators,6.900906,-8.627142,22.930769,-48.51601,20.653408,38,0,0,0,0,5,1,0,0.5790441176470589,2
Kliff Kingsbury,2019,1,NFL Veterans,-14.559831,4.899756,5.6915555,36.77911,-1.8740579,40,0,0,3,6,0,0,0,0.421875,1
Kyle Shanahan,2017,0,Modern Coordinators,0.011436824,-9.447084,16.733814,6.6130266,18.318735,38,0,0,0,0,2,9,0,0.3125,2
Lane Kiffin,2007,0,Modern Coordinators,-1.2517585,-6.8328304,30.526014,19.503967,-25.824877,32,0,3,2,0,0,0,0,0.25,0
Larry Wilson,1979,2,High Performers,13.775701,-2.505505,14.363701,0.9558893,75.4301,41,0,0,0,0,0,0,0,0.6666666666666666,0
Leeman Bennett,1977,0,Modern Coordinators,1.8034247,-3.718235,3.1398966,-5.897025,9.948454,39,0,0,1,0,7,0,0,0.53125,2
Leeman Bennett,1985,0,Modern Coordinators,5.3580475,4.3877864,-53.92345,-144.96022,47.656513,47,1,0,1,0,7,0,6,0.125,0
Les Steckel,1984,2,High Performers,7.7531443,-4.205005,-34.46513,-13.064339,-13.947313,38,0,0,0,0,6,0,0,0.1875,0
Leslie Frazier,2010,3,Position Coach Veterans,-9.639243,11.703946,-33.138103,12.487907,62.29951,51,0,2,0,9,6,6,0,0.34375,1
Liam Coen,2025,1,NFL Veterans,-5.18756,-2.5562887,-16.371592,19.813156,-0.44489205,40,0,3,4,0,0,2,0,,-1
Lindy Infante,1988,1,NFL Veterans,-9.006863,-4.031731,-15.789991,38.806435,109.79208,48,0,0,5,0,3,4,0,0.4375,1
Lindy Infante,1996,1,NFL Veterans,-9.24015,-1.7358414,-23.414911,-9.731212,64.65196,56,1,0,5,0,3,5,4,0.375,0
Lou Holtz,1976,3,Position Coach Veterans,-14.81321,11.599843,34.737366,26.812397,16.615755,39,0,8,0,7,0,0,0,0.2307692307692308,0
Lou Saban,1970,3,Position Coach Veterans,-15.44789,11.727051,34.340126,-55.529522,45.93914,49,0,0,0,8,0,0,0,0.33531746031746035,0
Lou Saban,1972,3,Position Coach Veterans,-15.308757,14.049063,48.45576,39.114605,29.55889,51,1,0,0,8,0,0,2,0.4821428571428572,2
Lovie Smith,2004,0,Modern Coordinators,-1.1288875,0.35073194,91.22048,11.153664,-5.346381,46,0,13,0,0,5,3,0,0.5,2
Lovie Smith,2014,4,Veteran Retreads,6.1308284,9.03592,54.436317,-19.797304,26.383493,56,1,13,0,0,5,3,9,0.25,0
Lovie Smith,2022,4,Veteran Retreads,7.9025383,13.179487,71.2308,-12.860083,25.223923,64,2,13,0,5,5,4,11,0.2058823529411765,0
Marc Trestman,2013,2,High Performers,8.463714,-0.386546,-35.900375,14.319194,-14.417842,57,0,2,2,0,8,8,0,0.40625,0
Marion Campbell,1975,0,Modern Coordinators,-2.61925,-11.581276,2.7814236,-8.868736,-30.744577,46,0,0,0,0,5,6,0,0.24285714285714285,0
Marion Campbell,1983,2,High Performers,-1.0115778,-15.213697,-43.404724,-17.751034,-31.549461,54,1,0,0,0,5,12,2,0.359375,1
Marion Campbell,1987,4,Veteran Retreads,1.7479331,5.7758107,36.91078,-27.904184,-18.750599,58,2,0,0,0,5,13,5,0.25625,1
Marty Mornhinweg,2001,2,High Performers,6.238709,-1.455767,-37.031513,25.079552,-30.141403,39,0,5,3,0,1,4,0,0.15625,0
Marty Schottenheimer,1985,0,Modern Coordinators,11.252566,-12.11731,-15.314755,-37.486286,-52.317142,42,0,0,0,0,4,6,0,0.625,1
Marty Schottenheimer,1989,0,Modern Coordinators,3.511108,3.1781816,36.108917,-6.6530337,-36.823112,46,1,0,0,0,4,6,4,0.609375,2
Marty Schottenheimer,2001,4,Veteran Retreads,12.261515,7.435378,56.595436,-42.74623,-8.542285,58,2,0,0,0,4,6,14,0.5,0
Marty Schottenheimer,2002,4,Veteran Retreads,8.796381,10.866046,76.426636,-6.5035105,-9.678378,59,3,0,0,0,4,6,15,0.375,2
Marv Levy,1978,3,Position Coach Veterans,-16.923096,11.33883,38.27482,54.071823,20.0889,53,0,0,0,11,4,0,0,0.34375,2
Marv Levy,1986,3,Position Coach Veterans,-15.98126,15.43219,38.74799,41.016575,42.22824,61,1,0,0,11,4,0,5,0.3761904761904762,2
Marvin Lewis,2003,0,Modern Coordinators,-2.1310534,-0.33513996,-4.304896,16.576097,-13.48662,45,0,11,0,0,4,7,0,0.5,2
Matt Eberflus,2022,1,NFL Veterans,-11.829876,-3.3692124,-24.124752,36.9016,1.0718199,52,0,7,8,0,9,4,0,0.29411764705882354,1
Matt LaFleur,2019,0,Modern Coordinators,4.7015924,-8.479092,108.97026,18.967516,103.90689,40,0,2,1,0,6,2,0,0.8125,2
Matt Nagy,2018,0,Modern Coordinators,0.3866823,-5.9011006,-14.390557,-79.76632,-2.6535165,40,0,0,0,0,4,1,0,0.625,1
Matt Patricia,2018,2,High Performers,8.699628,-9.954609,-40.20326,-51.875603,-28.318453,44,0,2,0,0,6,6,0,0.296875,1
Matt Rhule,2020,1,NFL Veterans,-15.71757,9.437958,19.532187,25.042963,16.19949,45,0,7,4,7,0,0,0,0.3033088235294118,1
Mike Ditka,1982,0,Modern Coordinators,3.0935357,-4.646083,39.47514,24.097206,66.72987,43,0,0,0,0,9,0,0,0.4166666666666666,2
Mike Ditka,1997,4,Veteran Retreads,7.6479425,8.166718,52.261944,-12.154632,-4.6650505,58,1,0,0,0,9,0,11,0.375,1
Mike Holmgren,1992,0,Modern Coordinators,-1.9374373,-3.0923688,22.067984,-11.846009,-42.54525,44,0,4,1,0,3,3,0,0.5625,2
Mike Holmgren,1999,4,Veteran Retreads,10.479034,5.607601,36.95856,-42.057816,5.623605,51,1,4,1,0,3,3,7,0.46875,2
Mike Holovak,1976,3,Position Coach Veterans,-15.95884,11.651553,33.276905,41.280163,19.285446,57,0,0,0,9,4,0,0,0.0,0
Mike Macdonald,2024,2,High Performers,9.257298,-10.947564,-35.6844,-33.984573,-24.013952,37,0,0,1,0,4,2,0,0.5882352941176471,-1
Mike Martz,2000,2,High Performers,-13.57562,-5.220227,-51.627285,40.129986,-0.79985976,49,0,3,5,0,5,1,0,0.75,2
Mike McCarthy,2006,0,Modern Coordinators,4.8421526,-15.032871,-6.4824023,-33.800434,-15.256653,43,0,1,0,0,5,6,0,0.65625,2
Mike McCarthy,2020,4,Veteran Retreads,12.634267,6.4282093,31.527676,43.72921,-42.89111,57,1,1,0,0,5,6,13,0.5404411764705883,2
Mike McCormack,1973,0,Modern Coordinators,0.9920181,-2.936673,3.33702,-9.144633,22.960556,43,0,0,0,0,7,0,0,0.4464285714285714,1
Mike McCormack,1980,0,Modern Coordinators,4.181016,1.3191174,12.915725,-22.596354,23.497972,50,1,0,0,0,11,0,3,0.28125,0
Mike McCormack,1982,4,Veteran Retreads,6.549286,4.1734343,18.66483,-33.028156,29.476326,52,2,0,0,0,11,0,5,0.5714285714285714,0
Mike McCoy,2013,0,Modern Coordinators,8.078793,-6.19888,53.105194,19.735905,-28.532145,41,0,0,0,0,9,4,0,0.5625,1
Mike McDaniel,2022,0,Modern Coordinators,7.3150234,-3.5198336,-39.669563,0.27421254,-10.196184,39,0,0,0,0,6,1,0,0.5882352941176471,-1
Mike Mularkey,2004,0,Modern Coordinators,-1.4909675,-5.106615,-19.771816,-47.385246,-17.63131,43,0,1,0,0,6,3,0,0.4375,0
Mike Mularkey,2012,0,Modern Coordinators,2.7415397,2.7695682,126.86171,458.70706,130.67047,51,1,1,0,0,7,8,2,0.125,0
Mike Mularkey,2016,0,Modern Coordinators,2.596518,4.249,-89.778404,11.029155,26.604559,55,2,1,0,0,9,8,3,0.5625,0
Mike Munchak,2011,0,Modern Coordinators,9.520016,-7.2285156,-12.271192,-47.879856,16.482378,51,0,0,0,0,14,0,0,0.46875,1
Mike Nolan,2005,0,Modern Coordinators,1.1088865,-13.450317,7.6964355,-13.179716,-42.794487,46,0,5,0,0,7,11,0,0.34375,1
Mike Pettine,2014,0,Modern Coordinators,-2.9269733,-12.514194,-7.677858,-16.86818,-25.964687,48,0,0,0,0,4,5,0,0.3125,0
Mike Riley,1999,1,NFL Veterans,-10.302813,-3.6295552,-10.498816,33.466953,-7.630786,46,0,5,6,2,0,0,0,0.28125,1
Mike Shanahan,1988,1,NFL Veterans,-13.000316,-4.567403,-42.662167,44.185703,-11.025093,36,0,1,6,0,1,3,0,0.34375,0
Mike Shanahan,1995,1,NFL Veterans,-10.706787,-0.7017718,-35.109962,36.254375,22.614902,43,1,1,6,0,2,7,2,0.65625,2
Mike Shanahan,2010,4,Veteran Retreads,-9.005629,-11.583727,74.0046,4.630501,3.2807465,58,2,1,6,0,2,7,16,0.34375,1
Mike Sherman,2000,2,High Performers,-4.494107,1.2851152,-51.71012,16.631315,2.4507113,46,0,13,1,0,2,1,0,0.65625,2
Mike Singletary,2009,0,Modern Coordinators,-0.24290468,-5.218014,12.459432,2.3849678,1.8275459,51,0,0,0,0,6,0,0,0.4166666666666666,0
Mike Smith,2008,1,NFL Veterans,-13.602662,-1.492402,-19.425928,53.059822,-17.00537,49,0,5,11,0,4,5,0,0.625,2
Mike Tice,2002,0,Modern Coordinators,4.6587977,-13.362654,-9.176564,-16.336803,-45.37266,43,0,0,0,0,6,0,0,0.46875,1
Mike Tomlin,2007,2,High Performers,18.311712,-2.722431,-49.94794,-33.94432,-43.38231,35,0,5,0,0,5,1,0,0.6875,2
Mike Vrabel,2018,0,Modern Coordinators,15.917009,-16.54225,-13.323828,-48.624187,-2.6155179,43,0,3,0,0,3,1,0,0.5625,2
Mike Vrabel,2025,0,Modern Coordinators,16.363548,-16.42158,9.559783,45.54296,-47.439342,50,1,3,0,0,3,1,6,,-1
Mike White,1995,3,Position Coach Veterans,-19.821384,9.136458,-19.732294,47.685036,28.67318,59,0,6,8,14,7,0,0,0.46875,0
Mike Zimmer,2014,1,NFL Veterans,-12.868242,-1.6549678,-13.678817,62.212723,-25.002478,58,0,0,11,0,5,14,0,0.5625,2
Monte Clark,1976,0,Modern Coordinators,6.068544,-6.3312926,-26.170069,-13.045711,-0.21158773,39,0,0,0,0,5,1,0,0.5714285714285714,0
Monte Clark,1978,0,Modern Coordinators,5.3773575,-4.585752,-12.287465,-26.161274,58.004818,41,1,0,0,0,5,1,1,0.28125,2
Nathaniel Hackett,2022,0,Modern Coordinators,-3.9387906,-4.3504233,-24.249685,4.849363,2.0915797,43,0,1,2,0,2,7,0,0.26666666666666666,0
Neill Armstrong,1978,2,High Performers,-1.5184536,-14.702986,-31.648726,-19.857553,-34.015354,52,0,0,0,0,1,7,0,0.53125,1
Nick Saban,2005,3,Position Coach Veterans,-17.400822,8.145697,-4.8696136,34.243927,24.159977,54,0,8,5,11,2,4,0,0.46875,0
Nick Sirianni,2021,0,Modern Coordinators,4.7948966,-6.298159,-6.680461,6.147857,-43.13343,40,0,5,0,0,5,3,0,0.6764705882352942,2
Nick Skorich,1971,2,High Performers,13.879103,-7.2590895,-67.02728,-32.739662,-6.791394,50,1,0,0,1,11,3,3,0.6785714285714286,1
Norv Turner,1994,0,Modern Coordinators,5.755905,-1.588262,-3.5836227,-32.107124,-66.20862,42,0,8,1,0,6,3,0,0.28125,2
Norv Turner,2004,4,Veteran Retreads,10.242252,6.337108,180.73296,13.983654,-79.77782,52,1,8,1,0,6,6,7,0.28125,0
Norv Turner,2007,2,High Performers,13.090468,5.6517663,34.00367,-62.124783,-13.222186,55,2,8,1,0,6,7,9,0.59375,2
Pat Peppler,1976,0,Modern Coordinators,-2.9548,-6.8762746,33.460865,8.505489,9.072188,54,0,0,0,0,0,0,0,0.3333333333333333,0
Pat Shurmur,2011,0,Modern Coordinators,-0.30679232,0.0336224,10.619341,-2.9961398,-12.643288,46,0,9,0,0,10,2,0,0.28125,0
Pat Shurmur,2018,0,Modern Coordinators,1.5885068,1.5131794,19.495836,-10.077697,-20.000835,53,1,9,0,0,11,6,2,0.28125,0
Paul Brown,1970,4,Veteran Retreads,9.719916,9.573338,70.56771,-19.382708,13.351687,62,1,0,0,3,0,0,13,0.42857142857142855,2
Paul Wiggin,1975,0,Modern Coordinators,10.508482,-8.837023,-44.352615,-3.4905174,-22.57441,41,0,0,0,0,6,1,0,0.35714285714285715,1
Pete Carroll,1994,0,Modern Coordinators,-8.90177,-3.6001031,-26.240992,26.672564,-17.45941,43,0,2,4,0,6,4,0,0.375,0
Pete Carroll,1997,2,High Performers,-10.178839,-0.9549002,-14.927006,1.9328701,70.3058,46,1,2,4,0,6,6,1,0.59375,1
Pete Carroll,2010,3,Position Coach Veterans,-13.962111,15.409142,43.322254,24.33189,49.040802,59,2,2,4,9,6,6,4,0.4375,2
Pete Carroll,2025,4,Veteran Retreads,-13.038349,17.061064,69.94763,24.755514,12.276713,74,3,2,4,9,6,6,18,,-1
Pete McCulley,1978,2,High Performers,-2.607284,-4.2826753,-67.39333,-14.605167,-40.536507,47,0,13,0,0,5,0,0,0.1111111111111111,0
Phil Bengtson,1972,0,Modern Coordinators,0.754523,6.4857254,55.627625,4.2991314,43.866676,59,1,12,0,0,0,11,3,0.2,0
Raheem Morris,2009,2,High Performers,11.595387,-2.541729,-55.806652,-2.4641588,19.844954,33,0,3,1,0,2,0,0,0.40625,1
Raheem Morris,2024,0,Modern Coordinators,9.918843,-18.205809,0.31496483,-57.109886,-16.732285,48,1,3,1,0,9,4,3,0.4705882352941176,-1
Ray Handley,1991,2,High Performers,12.90164,-1.3896153,-48.714066,19.679422,-45.878246,47,0,5,0,0,7,0,0,0.4375,0
Ray Malavasi,1978,2,High Performers,17.148394,-0.7382839,-45.45811,-16.546297,-47.932526,48,0,0,0,0,3,5,0,0.65625,2
Ray Perkins,1979,0,Modern Coordinators,2.291992,-5.8767495,15.8110485,28.935972,-24.243172,38,0,0,0,0,4,1,0,0.3125,1
Ray Perkins,1987,0,Modern Coordinators,-4.8612213,8.146644,57.18167,21.709728,33.12875,46,1,0,0,4,4,1,4,0.2895833333333333,1
Ray Rhodes,1995,2,High Performers,8.487383,-5.118539,30.441393,57.48828,-23.826817,45,0,0,0,0,9,3,0,0.625,1
Ray Rhodes,1999,2,High Performers,16.333214,-3.211851,-53.90493,-35.821995,-18.010046,49,1,0,0,0,9,3,4,0.5,0
Raymond Berry,1984,2,High Performers,9.68294,-4.207515,-43.022884,-42.125656,16.595701,51,0,3,0,0,11,0,0,0.59375,2
Red Miller,1977,2,High Performers,9.983708,-5.5566916,-41.976074,-32.8309,4.866082,50,0,0,0,0,11,0,0,0.7410714285714286,1
Rex Ryan,2009,1,NFL Veterans,-11.574858,-7.2791605,-17.130066,42.00906,-28.096594,47,0,2,8,0,8,4,0,0.625,2
Rex Ryan,2015,1,NFL Veterans,-11.58551,-7.350563,-12.819021,32.95114,-28.382477,53,1,2,8,0,8,4,6,0.4833333333333333,0
Rich Brooks,1995,3,Position Coach Veterans,-21.065022,14.229156,15.298883,52.570946,40.59686,54,0,7,1,18,4,0,0,0.40625,0
Rich Kotite,1991,2,High Performers,15.009584,-1.8118124,-62.91345,-8.355037,-7.1520014,49,0,0,0,0,8,6,0,0.65625,1
Rich Kotite,1995,2,High Performers,8.92703,2.538808,-52.647396,121.468895,85.52175,53,1,0,0,0,8,6,4,0.125,0
Richard Williamson,1990,0,Modern Coordinators,-14.303658,9.951787,37.45579,35.136063,1.6659411,49,0,0,0,6,7,0,0,0.26041666666666663,0
Richie Petitbon,1993,2,High Performers,15.945082,-1.1952397,-64.3893,-23.65547,-26.641903,55,0,0,0,0,6,12,0,0.25,0
Rick Forzano,1974,2,High Performers,-12.053462,10.862764,24.41682,54.957542,7.8233757,46,0,0,0,6,3,0,0,0.5,1
Rick Venturi,1996,0,Modern Coordinators,12.584246,-14.132008,12.402575,-41.04305,-48.04269,50,0,1,0,3,9,5,0,0.125,0
Rob Chudzinski,2013,0,Modern Coordinators,-5.952599,-3.926627,-12.298112,34.555786,96.83344,45,0,5,3,0,4,5,0,0.25,0
Robert Saleh,2021,0,Modern Coordinators,-2.2945588,-9.195607,-16.56761,-7.2881346,15.357542,42,0,0,0,0,3,4,0,0.32352941176470584,1
Rod Dowhower,1985,0,Modern Coordinators,-5.1378455,-4.5596347,3.4416099,29.798903,-15.8774605,42,0,0,3,1,1,5,0,0.15625,0
Rod Marinelli,2006,0,Modern Coordinators,-0.8618993,0.8979199,-25.598131,-5.6961155,30.63107,57,0,20,0,0,10,0,0,0.3125,1
Rod Rust,1990,0,Modern Coordinators,-13.486826,7.563841,-9.019352,12.137155,32.113426,62,0,0,0,6,2,12,0,0.0625,0
Romeo Crennel,2005,0,Modern Coordinators,19.458847,-7.9633007,7.665212,-19.394783,-16.921743,58,0,7,0,0,19,5,0,0.3125,1
Romeo Crennel,2012,2,High Performers,18.953878,-7.05159,-32.152744,-48.516003,3.1680388,65,1,7,0,0,19,7,4,0.125,0
Ron Erhardt,1979,2,High Performers,-10.583677,11.454417,-9.796926,-138.23625,-31.340137,47,0,0,0,7,4,2,0,0.59375,1
Ron Meyer,1982,3,Position Coach Veterans,-13.947529,11.235665,3.1098404,14.922208,51.175426,41,0,0,0,9,0,0,0,0.5277777777777778,1
Ron Meyer,1986,3,Position Coach Veterans,-15.972353,13.243294,-13.272491,23.773043,47.409473,45,1,0,0,9,0,0,3,0.8,2
Ron Rivera,2011,0,Modern Coordinators,3.4483886,-1.7154452,-10.369646,-13.155898,-7.5010824,49,0,0,0,0,6,6,0,0.40625,2
Ron Rivera,2020,4,Veteran Retreads,5.7864714,7.2996044,43.269794,-11.630822,-17.903315,58,1,0,0,0,6,6,9,0.4246323529411765,1
Ron Waller,1973,0,Modern Coordinators,7.463701,-13.073627,-6.4349384,12.928341,-57.648952,40,0,0,0,0,1,0,0,0.16666666666666666,0
Sam Rutigliano,1978,2,High Performers,10.3192,-6.7288976,-32.09761,-28.634804,-2.7421515,46,0,3,0,0,8,0,0,0.53125,2
Sam Wyche,1984,2,High Performers,12.679377,-3.9146183,-98.9677,-82.1016,-114.16906,39,0,0,0,1,4,0,0,0.46875,2
Sam Wyche,1992,4,Veteran Retreads,5.8920717,5.7936554,37.149498,-16.278948,17.004143,47,1,0,0,1,4,0,8,0.3125,1
Scott Linehan,2006,1,NFL Veterans,-11.706715,-0.4551644,-16.799501,69.95781,-10.370675,43,0,5,8,0,0,4,0,0.34375,1
Sean McDermott,2017,2,High Performers,7.7695937,-10.086802,-37.38026,-59.61403,-16.868908,43,0,0,0,0,2,8,0,0.46875,2
Sean McVay,2017,0,Modern Coordinators,-1.8763337,-8.433043,-10.032453,1.1841271,9.664642,31,0,0,0,0,3,3,0,0.75,2
Sean Payton,2006,0,Modern Coordinators,-4.318833,-2.5285819,3.3049629,-50.538876,30.391344,43,0,5,2,0,5,3,0,0.53125,2
Sean Payton,2013,2,High Performers,14.488768,-9.623258,15.929275,-56.209007,2.8310606,50,1,5,2,0,5,3,6,0.5625,2
Sean Payton,2023,4,Veteran Retreads,8.011109,9.995427,64.398735,2.372365,-4.15829,60,2,5,2,0,5,3,15,0.5294117647058824,-1
Shane Steichen,2023,0,Modern Coordinators,6.337428,-5.9762173,32.798744,-41.103504,25.781199,38,0,0,0,0,4,3,0,0.5,-1
Sid Gillman,1971,3,Position Coach Veterans,-17.234562,13.433485,15.65916,19.263706,43.36133,60,1,0,0,10,0,0,5,0.4,0
Sid Gillman,1973,3,Position Coach Veterans,-15.660515,15.478132,36.890675,31.237871,37.24267,62,2,0,0,10,0,0,6,0.3055555555555556,0
Steve Mariucci,1997,2,High Performers,-14.79671,-6.1266685,-56.232224,51.35933,4.9775386,42,0,5,7,1,4,0,0,0.78125,2
Steve Mariucci,2003,1,NFL Veterans,-8.380397,-7.2928085,45.169098,23.515867,-12.616526,48,1,5,7,1,4,0,6,0.34375,1
Steve Spagnuolo,2009,1,NFL Veterans,-8.164975,-5.730685,-12.792865,17.083427,15.427985,50,0,6,7,0,6,2,0,0.25,1
Steve Spurrier,2002,3,Position Coach Veterans,-20.12714,11.385775,-7.8936753,40.96477,37.318905,57,0,2,3,15,0,0,0,0.375,0
Steve Wilks,2018,1,NFL Veterans,-11.809983,-5.3467803,-34.103832,43.223793,-26.639677,49,0,4,5,1,12,1,0,0.1875,0
Ted Marchibroda,1975,0,Modern Coordinators,1.5938795,-2.4033644,2.4358182,-21.514866,14.552649,44,0,0,0,0,10,4,0,0.75,2
Ted Marchibroda,1992,0,Modern Coordinators,2.1459813,4.50881,50.61254,-5.7530355,-30.210876,61,1,0,0,0,10,12,5,0.40625,1
Ted Marchibroda,1996,4,Veteran Retreads,8.394607,5.897037,50.751904,-26.07337,-17.170984,65,2,0,0,0,10,12,9,0.328125,1
Todd Bowles,2015,0,Modern Coordinators,-5.84811,-7.3338556,-38.641617,5.606237,26.442657,52,0,0,3,0,13,2,0,0.46875,1
Todd Bowles,2022,2,High Performers,17.51972,-2.8443367,-52.699326,-36.257675,-31.078747,59,1,0,3,0,13,5,4,0.5,-1
Todd Haley,2009,0,Modern Coordinators,1.0546285,-3.6779814,39.419384,192.83049,11.109676,42,0,0,0,0,5,2,0,0.4375,1
Tom Cable,2009,1,NFL Veterans,-12.14297,4.864532,-160.68535,57.91916,-0.6104769,45,0,9,3,4,3,0,0,0.40625,0
Tom Coughlin,1995,1,NFL Veterans,-14.745053,8.761583,34.60864,-61.81537,26.785479,49,0,6,4,7,7,0,0,0.40625,2
Tom Coughlin,2004,4,Veteran Retreads,-12.821315,14.926628,31.608139,15.735106,48.696457,58,1,6,4,7,7,0,8,0.53125,2
Tom Flores,1979,2,High Performers,12.91588,-6.2046976,-47.53057,-21.883955,-9.662867,42,0,0,0,0,8,0,0,0.625,1
Tom Flores,1982,2,High Performers,9.326731,-2.4106176,-27.826422,13.932189,-53.96496,45,1,0,0,0,8,0,3,0.8194444444444444,2
Tom Flores,1992,4,Veteran Retreads,7.843553,7.3455496,45.70429,-31.030483,16.13445,55,2,0,0,0,8,0,9,0.25,1
Tommy Hudspeth,1976,3,Position Coach Veterans,-16.891922,12.439233,11.380607,16.366943,-60.967194,45,0,0,0,10,0,0,0,0.4642857142857143,0
Tommy Prothro,1971,3,Position Coach Veterans,-21.60737,11.130357,-10.928553,40.53343,54.287254,51,0,0,0,16,0,0,0,0.5357142857142857,0
Tommy Prothro,1974,3,Position Coach Veterans,-19.585985,13.712554,20.966343,36.857906,41.34692,54,1,0,0,16,0,0,2,0.25,2
Tony Dungy,1996,0,Modern Coordinators,0.87818813,-9.388294,20.903019,-6.5377197,16.836355,41,0,1,0,0,5,9,0,0.5,2
Tony Dungy,2002,2,High Performers,7.176517,-16.052223,15.911223,-47.998043,-8.621919,47,1,1,0,0,5,9,6,0.6875,2
Tony Sparano,2008,1,NFL Veterans,-13.226262,5.1325336,6.289579,48.033424,7.3161497,47,0,6,4,5,8,0,0,0.5625,1
Urban Meyer,2021,3,Position Coach Veterans,-20.842113,14.917592,11.199783,53.172035,27.671106,57,0,13,0,17,0,0,0,0.15384615384615385,0
Vance Joseph,2017,2,High Performers,17.108572,-11.429359,-49.680843,-50.012405,-5.0272145,45,0,3,0,0,10,1,0,0.34375,0
Vic Fangio,2019,0,Modern Coordinators,1.211074,-17.168674,10.381798,-4.6790357,-60.964252,61,0,0,1,0,13,19,0,0.375,1
Vince Tobin,1996,1,NFL Veterans,-9.459657,-5.0043635,-19.250713,30.815077,15.072875,53,0,0,6,0,0,7,0,0.34375,2
Wade Phillips,1993,2,High Performers,2.410995,-16.060421,-7.47431,-12.908762,-62.324337,46,0,3,0,0,5,12,0,0.5,0
Wade Phillips,1998,0,Modern Coordinators,2.1712203,-16.99887,4.071996,-16.503553,-59.714806,51,1,3,0,0,5,15,2,0.65625,1
Wade Phillips,2007,2,High Performers,11.374153,3.4544294,51.102898,-41.73886,-28.040937,60,2,3,0,0,5,20,5,0.6875,1
Wally Lemm,1970,2,High Performers,-10.869518,9.955793,-34.824745,16.48932,42.54021,51,1,0,0,5,0,0,4,0.25,0
Walt Michaels,1977,0,Modern Coordinators,-0.93151116,11.437772,30.282108,-38.755898,-33.546684,48,0,0,0,0,2,5,0,0.35714285714285715,2
Wayne Fontes,1989,0,Modern Coordinators,-1.2665178,9.3159075,22.253366,-22.731497,-30.334028,49,0,0,0,0,6,7,0,0.40625,2
Weeb Ewbank,1970,2,High Performers,13.866807,6.1587667,43.798122,-53.447342,-3.9732802,63,1,0,0,2,4,0,9,0.3571428571428571,1
Zac Taylor,2019,0,Modern Coordinators,1.9996878,-7.2739987,17.831789,22.654854,-12.657896,36,0,0,1,0,4,0,0,0.203125,2
