,Coach Name,Year,Feature 1,Feature 2,Feature 3,Feature 4,Feature 5,Feature 6,Feature 7,Feature 8,Feature 9,Feature 10,Feature 11,Feature 12,Feature 13,Feature 14,Feature 15,Feature 16,Feature 17,Feature 18,Feature 19,Feature 20,Feature 21,Feature 22,Feature 23,Feature 24,Feature 25,Avg 2Y Win Pct,Coach Tenure Class
0,Aaron Kromer,2012,45,0,9,0,0,9,0,0,0,,,,,,,,,,0.75,0.35483871,0.903225806,0.935483871,0.833333333,1,0.5,0.333333333,0
1,Abe Gibron,1972,47,0,0,0,0,12,0,0,0,,,,,,,,,,0.428571429,0.36,0.26,0.06,0.166666667,0,0,0.267857143,1
2,Adam Gase,2016,38,0,0,0,0,5,3,0,0,0.752688172,0.752688172,0.64516129,,,,,,,0.4375,0.516129032,0.338709677,0.387096774,0.166666667,0,0,0.5,1
4,Adam Walsh,1945,44,0,8,0,12,0,0,0,0,,,,,,,,,,0.4,0.6,0.4,0.4,0.25,0,0,0.745454545,0
5,Al Cornsweet,1931,25,0,0,0,0,0,0,0,0,,,,,,,,,,,,,,,,,0.2,0
6,Al Davis,1963,34,0,7,0,0,0,0,0,0,,,,,,,,,,0.107142857,0.357142857,0,0,0,0,0,0.571428571,1
7,Al Groh,2000,56,0,10,3,7,7,5,0,0,,,,0.430395913,0.507790549,0.4651341,,,,0.625,0.811494253,0.664367816,0.497701149,0.625,0.5,0.5,0.5625,0
8,Al Jolley,1929,30,0,0,0,0,0,0,0,0,,,,,,,,,,0,1,0,1,0,,,0.166666667,0
9,Al Jolley,1933,34,1,0,0,0,0,0,1,0,,,,,,,1,0.181818182,1,,,,,,,,0,0
10,Al Nesser,1926,34,0,0,0,0,0,0,0,0,,,,,,,,,,0.4375,1,0.433436533,1,0.568111455,,,0.25,0
11,Al Pierotti,1920,25,0,0,0,0,0,0,0,0,,,,,,,,,,,,,,,,,0.5,0
12,Al Saunders,1986,39,0,4,7,0,3,0,0,0,,,,,,,,,,0.46875,0.351851852,0.518518519,0.722222222,0.125,0,0,0.454166667,1
13,Aldo Donelli,1941,34,0,6,0,3,0,0,0,0,,,,,,,,,,0.204545455,0,0.111111111,0.055555556,0.25,0,0,0,0
14,Aldo Donelli,1944,37,1,6,0,4,1,0,1,1,,,,,,,0.111111111,0,0,0.454545455,0.444444444,0.444444444,0,0.5,0,0,0.4,0
15,Alex Webster,1969,38,0,0,0,0,2,0,0,0,,,,,,,,,,0.5,0.733333333,0.466666667,0.633333333,0.666666667,0,0,0.535714286,2
16,Alfred McGall,1930,49,0,0,0,10,0,0,0,0,,,,,,,,,,0.416666667,1,0.363636364,1,0.363636364,,,0,0
17,Algy Clark,1934,30,0,0,0,0,0,0,0,0,,,,,,,,,,0.35,0.777777778,0.222222222,0,0.25,,,0,0
18,Allie Sherman,1961,38,0,0,0,0,4,2,0,0,0.659090909,0.746212121,0.314393939,,,,,,,0.708333333,0.401515152,0.704545455,0.916666667,0.8,0.5,0,0.803571429,3
19,Andy Reid,1999,41,0,6,3,0,7,0,0,0,,,,,,,,,,0.296875,0.172413793,0.155172414,0.448275862,0.25,0,0,0.5,3
20,Andy Reid,2013,55,1,6,3,0,7,0,14,0,,,,,,,0.657066052,0.679646697,0.592549923,0.28125,0.241935484,0.048387097,0.258064516,0,0,0,0.625,3
21,Andy Salata,1930,25,0,0,0,0,0,0,0,0,,,,,,,,,,0.416666667,1,0.363636364,1,0.363636364,,,0.166666667,0
22,Anthony Lynn,2017,49,0,0,0,0,13,1,0,0,0.516129032,0.709677419,0.935483871,,,,,,,0.28125,0.306451613,0.241935484,0.612903226,0,0,0,0.65625,1
23,Archie Golembeski,1925,25,0,0,0,0,0,0,0,0,,,,,,,,,,,,,,,,,0.541666667,0
24,Arnie Horween,1923,25,0,0,0,0,0,0,0,0,,,,,,,,,,0.613636364,1,0.573529412,1,0.766176471,0,0,0.608333333,0
25,Art Lewis,1938,27,0,0,0,0,0,0,0,0,,,,,,,,,,0.090909091,0.111111111,0,0.111111111,0,0,0,0.5,0
26,Art Shell,1989,43,0,0,0,0,6,0,0,0,,,,,,,,,,0.385416667,0.518518519,0.5,0.592592593,0.375,0,0,0.666666667,2
27,Art Shell,2006,60,1,0,0,0,12,0,6,1,,,,,,,0.475308642,0.512345679,0.364197531,0.28125,0.274193548,0.112903226,0.177419355,0,0,0,0.125,0
28,Austin Higgins,1921,24,0,0,0,0,0,0,0,0,,,,,,,,,,,,,,,,,0,0
29,Babe Ruetz,1922,29,0,0,0,0,0,0,0,0,,,,,,,,,,,,,,,,,0.545454545,1
30,Barry Switzer,1994,57,0,5,7,16,0,0,0,0,,,,,,,,,,0.78125,0.759259259,0.962962963,0.981481481,1,1,3,0.75,1
31,Bart Starr,1975,41,0,0,0,0,1,0,0,0,,,,,,,,,,0.428571429,0.54,0.44,0.36,0.333333333,0,0,0.321428571,3
32,Ben McAdoo,2016,39,0,2,0,0,10,2,0,0,0.741935484,0.725806452,0.419354839,,,,,,,0.375,0.64516129,0.467741935,0.241935484,0.333333333,0,0,0.427083333,0
33,Benny Friedman,1930,25,0,0,0,0,0,0,0,0,,,,,,,,,,0.642307692,1,0.722222222,1,0.676767677,0,0,1,0
34,Benny Friedman,1932,27,1,1,0,0,0,0,1,1,,,,,,,1,1,1,0.383928571,1,0.455555556,1,0.405555556,,,0.25,0
35,Bert Bell,1936,41,0,0,0,0,0,0,0,0,,,,,,,,,,0.272727273,0.5625,0.4,0.475,0.25,0,0,0.15530303,2
36,Bert Bell,1941,46,1,0,0,0,0,0,5,0,,,,,,,0.116666667,0.222222222,0.288888889,0.204545455,0,0.111111111,0.055555556,0.25,0,0,0,0
37,Bill Arnsparger,1974,48,0,14,0,0,6,8,0,0,,,,0.8,0.94,0.52,,,,0.375,0.54,0.48,0.5,0.25,0,0,0.25,0
38,Bill Arnsparger,1976,50,1,14,0,0,6,8,2,0,,,,0.8,0.94,0.52,0.14,0.18,0.16,0.75,0.56,0.86,0.74,0.875,0.5,0,0,0
39,Bill Austin,1966,38,0,0,0,0,7,0,0,0,,,,,,,,,,0.25,0.076923077,0.115384615,0.153846154,0.083333333,0,0,0.357142857,1
40,Bill Austin,1970,42,1,0,0,0,8,0,3,1,,,,,,,0.26984127,0.228571429,0.301587302,0.464285714,0.466666667,0.333333333,0.266666667,0.5,0,0,0.428571429,0
41,Bill Belichick,1991,39,0,0,0,0,8,6,0,0,,,,0.858024691,0.839506173,0.617283951,,,,0.390625,0.388888889,0.388888889,0.333333333,0.5,0.5,0.5,0.40625,2
42,Bill Belichick,2000,48,1,0,0,0,9,9,5,1,,,,0.720164609,0.84038598,0.59249326,0.396934866,0.515453384,0.434482759,0.53125,0.628735632,0.525862069,0.575287356,0.125,0.5,0,0.5,3
43,Bill Callahan,2002,46,0,7,1,0,3,4,0,0,0.728448276,0.718965517,0.600287356,,,,,,,0.6875,0.716666667,0.883333333,0.683333333,1,1,1,0.46875,0
44,Bill Conkright,1962,48,0,4,0,3,6,0,0,0,,,,,,,,,,0.285714286,0.214285714,0.071428571,0.142857143,0.166666667,0,0,0.111111111,0
45,Bill Cowher,1992,35,0,0,0,0,4,3,0,0,,,,0.654320988,0.790123457,0.641975309,,,,0.5,0.740740741,0.444444444,0.444444444,0.5,0,0,0.625,3
46,Bill Edwards,1941,36,0,0,0,6,0,0,0,0,,,,,,,,,,0.522727273,0.555555556,0.444444444,0.611111111,0.5,0,0,0.204545455,0
47,Bill Johnson,1976,50,0,0,0,0,19,0,0,0,,,,,,,,,,0.642857143,0.48,0.68,0.8,0.5,0.5,0,0.642857143,1
48,Bill McPeak,1961,35,0,0,0,0,3,0,0,0,,,,,,,,,,0.208333333,0.303030303,0.041666667,0,0.1,0,0,0.267857143,2
50,Bill Parcells,1983,42,0,12,2,1,1,2,0,0,,,,0.851851852,0.833333333,0.222222222,,,,0.503472222,0.444444444,0.592592593,0.37037037,0.375,0.5,0.5,0.390625,3
51,Bill Parcells,1993,52,1,12,2,1,1,2,8,0,,,,0.851851852,0.833333333,0.222222222,0.694444444,0.680555556,0.606481481,0.25,0.074074074,0.111111111,0.055555556,0.125,0,0,0.46875,1
52,Bill Parcells,1997,56,2,12,2,1,1,2,12,0,,,,0.851851852,0.833333333,0.222222222,0.663580247,0.617071094,0.549595573,0.125,0.034482759,0,0.24137931,0,0,0,0.65625,1
53,Bill Parcells,2003,62,3,12,2,1,1,2,15,0,,,,0.851851852,0.833333333,0.222222222,0.606419753,0.630515113,0.589255002,0.3125,0.310215054,0.131182796,0.264516129,0,0,0,0.5,1
54,Bill Peterson,1972,49,0,5,0,12,0,0,0,0,,,,,,,,,,0.285714286,0.08,0.18,0.28,0.166666667,0,0,0.035714286,0
55,Bill Walsh,1979,48,0,0,0,2,9,1,0,0,0.62962963,0.333333333,0.777777778,,,,,,,0.241071429,0.12962963,0.185185185,0.314814815,0.166666667,0,0,0.25,3
56,Billy Marshall,1920,33,0,0,0,0,0,0,0,0,,,,,,,,,,,,,,,,,0.325892857,0
57,Billy Marshall,1921,34,1,0,0,0,0,0,1,0,,,,,,,1,0.230769231,1,,,,,,,,0.214285714,0
58,Blanton Collier,1963,57,0,0,0,8,9,0,0,0,,,,,,,,,,0.571428571,0.807692308,0.730769231,0.615384615,0.666666667,0,0,0.732142857,3
59,Bo Hanley,1924,37,0,0,0,2,0,0,0,0,,,,,,,,,,,,,,,,,0.1,0
60,Bo McMillin,1948,53,0,0,0,26,0,0,0,0,,,,,,,,,,0.170454545,0.111111111,0.111111111,0.055555556,0,0,0,0.25,1
61,Bo McMillin,1951,56,1,0,0,26,0,0,3,0,,,,,,,0.453703704,0.305555556,0.462962963,0.708333333,0.875,0.875,0.958333333,0.8,0.5,0.5,1,0
62,Bob Dove,1946,25,0,0,0,0,0,0,0,0,,,,,,,,,,,,,,,,,0.5,0
63,Bob Folwell,1925,40,0,0,0,16,0,0,0,0,,,,,,,,,,,,,,,0,0,0.666666667,0
64,Bob Hollway,1971,45,0,0,0,0,2,2,0,0,,,,1,1,0.966666667,,,,0.732142857,0.86,0.893333333,0.726666667,0.833333333,0.5,0,0.321428571,0
65,Bob Snyder,1947,34,0,0,0,0,2,0,0,0,,,,,,,,,,0.745454545,0.611111111,0.777777778,0.722222222,0.875,0.5,0.5,0.5,0
66,Bob Waterfield,1960,40,0,0,0,0,3,0,0,0,,,,,,,,,,0.416666667,0.227272727,0.454545455,0.818181818,0.4,0,0,0.330357143,1
67,Bobby Petrino,2007,46,0,5,10,4,2,1,0,0,0.366666667,0.333333333,0.733333333,,,,,,,0.46875,0.629032258,0.435483871,0.451612903,0.333333333,0,0,0.230769231,0
68,Bobby Ross,1992,57,0,0,0,15,4,0,0,0,,,,,,,,,,0.3125,0.574074074,0.407407407,0.648148148,0.125,0,0,0.59375,2
69,Bobby Ross,1997,62,1,0,0,15,4,0,5,0,,,,,,,0.487100894,0.60357599,0.702171137,0.46875,0.568965517,0.586206897,0.568965517,0.375,0.5,0,0.4375,1
70,Brad Childress,2006,50,0,11,9,0,4,4,0,0,0.580645161,0.701612903,0.677419355,,,,,,,0.53125,0.548387097,0.516129032,0.419354839,0.666666667,0.5,0.5,0.4375,2
71,Brian Billick,1999,45,0,8,3,0,1,6,0,0,0.762452107,0.644529587,0.6449553,,,,,,,0.390625,0.24137931,0.379310345,0.344827586,0.125,0,0,0.625,3
73,Brick Muller,1926,25,0,0,0,0,0,0,0,0,,,,,,,,,,,,,,,,,0.65,0
74,Bruce Arians,2012,60,0,5,4,6,11,8,0,0,0.415322581,0.436290323,0.541935484,,,,,,,0.375,0.306451613,0.370967742,0.387096774,0.5,0.5,0,0.6875,0
75,Bruce Arians,2013,61,1,5,4,6,11,8,1,0,0.415322581,0.436290323,0.541935484,,,,0.451612903,0.35483871,0.193548387,0.40625,0.306451613,0.258064516,0.129032258,0.333333333,0,0,0.65625,2
77,Bruce Coslet,1990,44,0,0,0,0,5,4,0,0,0.944444444,0.777777778,0.731481481,,,,,,,0.390625,0.518518519,0.333333333,0.203703704,0.125,0,0,0.4375,1
78,Bruce Coslet,1997,51,1,0,0,0,5,7,4,1,0.755154169,0.672869914,0.595694216,,,,0.527777778,0.388888889,0.75,0.46875,0.534482759,0.465517241,0.224137931,0.5,0,0,0.3125,1
79,Buck Shaw,1946,47,0,7,0,13,0,0,0,0,,,,,,,,,,,,,,,0,0,0.642857143,3
80,Buck Shaw,1958,59,1,7,0,15,0,0,9,1,,,,,,,0.770683021,0.731962482,0.747835498,0.3125,0.181818182,0.136363636,0.090909091,0.1,0,0,0.395833333,1
81,Bud Carson,1989,58,0,0,1,5,0,16,0,0,,,,0.661944444,0.609259259,0.692222222,,,,0.645833333,0.574074074,0.759259259,0.814814815,0.833333333,1,0.5,0.407986111,0
82,Bud Grant,1967,40,0,0,0,0,0,0,0,0,,,,,,,,,,0.410714286,0.186813187,0.406593407,0.813186813,0.25,0,0,0.446428571,3
83,Bud Wilkinson,1978,62,0,0,0,17,0,0,0,0,,,,,,,,,,0.732142857,0.888888889,0.962962963,0.962962963,1,1,0.5,0.302884615,0
84,Buddy Parker,1949,36,0,0,0,0,0,0,0,0,,,,,,,,,,0.833333333,0.888888889,0.833333333,0.666666667,1,1,0.5,0.541666667,0
85,Buddy Parker,1951,38,1,0,0,0,1,0,1,1,,,,,,,0.333333333,0.666666667,0.888888889,0.416666667,0.638888889,0.458333333,0.625,0.375,0,0,0.6875,2
86,Buddy Parker,1957,44,2,0,0,0,1,0,7,1,,,,,,,0.670995671,0.718614719,0.75036075,0.375,0.409090909,0.227272727,0.681818182,0.2,0,0,0.5625,3
87,Buddy Ryan,1986,55,0,5,1,0,10,8,0,0,,,,0.699074074,0.796296296,0.481481481,,,,0.421875,0.314814815,0.333333333,0.37037037,0.125,0,0,0.405208333,2
88,Buddy Ryan,1994,63,1,5,1,0,10,9,5,1,,,,0.679012346,0.806584362,0.534979424,0.488888889,0.548148148,0.888888889,0.34375,0.166666667,0.462962963,0.425925926,0.125,0,0,0.375,0
89,Budge Garrett,1922,29,0,0,0,0,0,0,0,0,,,,,,,,,,,,,,,,,0.583333333,0
90,Bull Behman,1929,29,0,0,0,0,0,0,0,0,,,,,,,,,,0.583333333,1,0.606060606,1,0.671717172,,,0.425101215,1
91,Bull Karcis,1942,34,0,0,0,0,0,0,0,0,,,,,,,,,,0.454545455,0.722222222,0.388888889,0.277777778,0.5,0,0,0,0
92,Bulldog Turner,1962,43,0,1,0,0,0,0,0,0,,,,,,,,,,0.5,0.214285714,0.357142857,0.428571429,0.5,0,0,0.357142857,0
93,Bum Phillips,1975,52,0,0,2,1,3,3,0,0,,,,0.268148148,0.448888889,0.425185185,,,,0.285714286,0.34,0.16,0.02,0.333333333,0,0,0.535714286,2
94,Bum Phillips,1981,58,1,0,2,1,3,3,6,0,,,,0.268148148,0.448888889,0.425185185,0.492592593,0.594320988,0.596296296,0.28125,0.388888889,0.259259259,0.277777778,0.333333333,0,0,0.347222222,2
95,Buster Ramsey,1960,40,0,0,0,0,0,8,0,0,,,,0.579545455,0.636363636,0.727272727,,,,,,,,,0,0,0.410714286,0
96,Butch Davis,2001,50,0,10,0,6,4,2,0,0,,,,0.833333333,0.944444444,0.481481481,,,,0.15625,0.25,0,0,0,0,0,0.5,1
97,Cam Cameron,2007,46,0,8,0,5,3,5,0,0,0.683870968,0.741935484,0.722580645,,,,,,,0.46875,0.596774194,0.451612903,0.548387097,0.333333333,0,0,0.0625,0
98,Cap Edwards,1921,33,0,0,0,0,0,0,0,0,,,,,,,,,,0.615384615,1,0.769230769,1,0.461538462,,,0.65,0
99,Cap Edwards,1923,35,1,0,0,0,0,0,1,0,,,,,,,1,0.8,1,,,,,,,,0.642857143,1
100,Cap McEwan,1933,40,0,0,0,10,0,0,0,0,,,,,,,,,,0.196428571,0.642857143,0.126984127,0.5,0.198412698,,,0.456818182,0
101,Carl Storck,1922,30,0,0,0,0,0,0,0,0,,,,,,,,,,0.583333333,1,0.632692308,1,0.632692308,,,0.375,2
102,Carl Voyles,1948,50,0,8,0,12,0,0,0,0,,,,,,,,,,0.25,0.642857143,0.285714286,0.071428571,0.5,,,0.142857143,0
103,Cecil Isbell,1947,32,0,0,0,3,0,0,0,0,,,,,,,,,,,,,,,0,0,0.339285714,1
104,Cecil Isbell,1951,36,1,0,0,3,1,0,3,1,,,,,,,0.396825397,0.238095238,0.285714286,0.479166667,0.694444444,0.5,0.291666667,0.35,0,0,0.5,0
105,Chan Gailey,1998,46,0,5,2,3,6,4,0,0,0.641762452,0.658365262,0.452745849,,,,,,,0.5,0.5,0.568965517,0.724137931,0.625,0.5,0.5,0.5625,0
106,Chan Gailey,2010,58,1,5,2,9,6,7,2,1,0.475016332,0.584810872,0.470079041,,,,0.694252874,0.847126437,0.882183908,0.40625,0.419354839,0.338709677,0.225806452,0,0,0,0.3125,1
107,Charley Ewart,1949,34,0,0,0,0,3,0,0,0,,,,,,,,,,,,,,,,,0.125,0
108,Charley Moran,1927,49,0,0,0,14,0,0,0,0,,,,,,,,,,0.766176471,1,0.789473684,1,0.868421053,,,0.3125,0
109,Charley Rogers,1927,25,0,0,0,0,0,0,0,0,,,,,,,,,,0.766176471,1,0.789473684,1,0.868421053,,,0.5,0
110,Charley Winner,1966,42,0,0,0,0,9,3,0,0,,,,0.717948718,0.769230769,0.641025641,,,,0.357142857,0.192307692,0.230769231,0.384615385,0.166666667,0,0,0.535714286,2
111,Charley Winner,1974,50,1,0,0,0,11,4,5,1,,,,0.638461538,0.666923077,0.690769231,0.481333333,0.557904762,0.298095238,0.392857143,0.5,0.44,0.44,0.5,0,0,0.361111111,0
112,Charlie Brickley,1921,30,0,0,0,3,0,0,0,0,,,,,,,,,,,,,,,,,0,0
113,Charlie Waller,1969,48,0,15,0,0,3,0,0,0,,,,,,,,,,0.625,0.180555556,0.583333333,0.701388889,0.416666667,0,0,0.632142857,0
114,Chile Walsh,1934,31,0,0,0,4,0,0,0,0,,,,,,,,,,,,,,,,,0.333333333,0
115,Chip Kelly,2013,50,0,8,11,4,0,0,0,0,,,,,,,,,,0.375,0.048387097,0.403225806,0.774193548,0.333333333,0,0,0.625,1
116,Chip Kelly,2016,53,1,8,11,4,0,0,3,0,,,,,,,0.52688172,0.634408602,0.47311828,0.40625,0.580645161,0.177419355,0.274193548,0.166666667,0,0,0.125,0
117,Chris Palmer,1999,50,0,4,7,4,7,2,0,0,0.74137931,0.844827586,0.948275862,,,,,,,,,,,,0,0,0.15625,0
118,Chuck Drulis,1961,43,0,0,0,0,7,0,0,0,,,,,,,,,,0.270833333,0.378787879,0.257575758,0.492424242,0.083333333,0,0,1,0
119,Chuck Fairbanks,1973,40,0,0,0,6,0,0,0,0,,,,,,,,,,0.321428571,0.2,0.08,0.1,0.25,0,0,0.428571429,2
120,Chuck Knox,1973,41,0,0,0,0,10,0,0,0,,,,,,,,,,0.535714286,0.5,0.54,0.66,0.5,0,0,0.785714286,2
121,Chuck Knox,1978,46,1,0,0,0,10,0,5,0,,,,,,,0.937185185,0.929185185,0.819555556,0.178571429,0.277777778,0.092592593,0.425925926,0.125,0,0,0.375,2
122,Chuck Knox,1983,51,2,0,0,0,10,0,10,0,,,,,,,0.798222222,0.697925926,0.646814815,0.409722222,0.574074074,0.296296296,0.203703704,0.25,0,0,0.65625,3
123,Chuck Knox,1992,60,3,0,0,0,10,0,19,0,,,,,,,0.57411306,0.65582846,0.619181287,0.25,0.333333333,0.166666667,0.388888889,0.166666667,0,0,0.34375,1
124,Chuck Noll,1969,37,0,0,0,0,9,0,0,0,,,,,,,,,,0.25,0.166666667,0.2,0.333333333,0,0,0,0.214285714,3
125,Chuck Pagano,2012,52,0,13,2,0,9,1,0,0,,,,0.935483871,0.935483871,0.612903226,,,,0.375,0.306451613,0.370967742,0.387096774,0.5,0.5,0,0.6875,2
126,Chuck Studley,1983,54,0,5,0,7,10,4,0,0,,,,0.388888889,0.314814815,0.416666667,,,,0.274305556,0.148148148,0.092592593,0.018518519,0.166666667,0,0,0.2,0
127,Clark Shaughnessy,1948,56,0,0,0,31,0,0,0,0,,,,,,,,,,0.545454545,0.444444444,0.611111111,0.555555556,0.5,0,0,0.645833333,0
128,Clem Crowe,1949,46,0,0,0,15,3,0,0,0,,,,,,,,,,0.571428571,0.357142857,0.5,0.642857143,0.833333333,0.5,0.5,0.416666667,0
129,Clem Crowe,1950,47,1,0,0,15,3,0,1,0,,,,,,,0.666666667,0.5,0.166666667,0.291666667,0.285714286,0.357142857,0.452380952,0.5,0.5,0,0.083333333,0
130,Cliff Battles,1946,36,0,0,0,0,0,0,0,0,,,,,,,,,,,,,,,,,0.196428571,0
131,Clipper Smith,1947,49,0,0,0,23,0,0,0,0,,,,,,,,,,0.288636364,0.555555556,0.166666667,0.111111111,0.25,,,0.3125,0
132,Clive Rush,1969,38,0,6,0,3,1,5,0,0,0.673412698,0.484920635,0.616269841,,,,,,,0.410714286,0.566666667,0.366666667,0.2,0.333333333,0,0,0.214285714,0
133,Coonie Checkaye,1921,28,0,0,0,0,0,0,0,0,,,,,,,,,,0,1,0,1,0,,,0,0
134,Curly Lambeau,1921,23,0,0,0,0,0,0,0,0,,,,,,,,,,,,,,,0,0,0.566666667,3
135,Curly Lambeau,1950,52,1,0,0,0,0,0,29,0,,,,,,,0.808128079,0.726728964,0.829994527,0.729166667,0.944444444,0.722222222,0.5,0.75,0.5,0,0.308333333,0
136,Curly Lambeau,1952,54,2,0,0,0,0,0,31,0,,,,,,,0.781650607,0.699393566,0.810170833,0.333333333,0.087121212,0.174242424,0.257575758,0.3,0,0,0.4375,0
137,Dan Campbell,2015,39,0,0,0,0,4,0,0,0,,,,,,,,,,0.5,0.516129032,0.5,0.370967742,0.333333333,0,0,0.416666667,0
138,Dan Devine,1971,47,0,0,0,16,0,0,0,0,,,,,,,,,,0.5,0.193333333,0.413333333,0.426666667,0.333333333,0,0,0.535714286,1
139,Dan Henning,1983,41,0,3,2,0,6,0,0,0,,,,,,,,,,0.496527778,0.740740741,0.574074074,0.592592593,0.833333333,0.5,0,0.34375,1
140,Dan Henning,1989,47,1,3,2,0,6,0,4,1,,,,,,,0.37962963,0.259259259,0.5,0.454166667,0.148148148,0.111111111,0.222222222,0.375,0,0,0.375,1
141,Dan Quinn,2015,45,0,6,3,0,10,2,0,0,,,,1,1,0.693548387,,,,0.3125,0.467741935,0.241935484,0.241935484,0.333333333,0,0,0.59375,2
142,Dan Reeves,1981,37,0,0,0,0,2,4,0,0,0.907407407,0.953703704,0.75,,,,,,,0.5625,0.314814815,0.537037037,0.5,0.5,0.5,0,0.423611111,3
143,Dan Reeves,1993,49,1,0,0,0,2,4,12,0,0.907407407,0.953703704,0.75,,,,0.512345679,0.577160494,0.589506173,0.4375,0.5,0.37037037,0.444444444,0.25,0,0,0.625,1
144,Dan Reeves,1997,53,2,0,0,0,2,4,16,0,0.907407407,0.953703704,0.75,,,,0.452905492,0.548212005,0.626037676,0.375,0.465517241,0.275862069,0.189655172,0.5,0.5,0,0.65625,2
145,Darryl Rogers,1985,51,0,4,0,20,0,0,0,0,,,,,,,,,,0.421875,0.296296296,0.481481481,0.425925926,0.625,0.5,0,0.375,1
146,Dave Campo,2000,53,0,6,2,0,4,5,0,0,,,,0.753563218,0.849195402,0.38137931,,,,0.5625,0.882183908,0.847126437,0.694252874,0.875,1,0,0.3125,1
147,Dave McGinnis,2000,49,0,3,0,0,10,4,0,0,,,,0.256034483,0.162643678,0.359482759,,,,0.46875,0.344252874,0.273563218,0.257471264,0.5,0.5,0.5,0.274305556,1
148,Dave Wannstedt,1993,41,0,10,3,0,0,4,0,0,,,,0.592592593,0.472222222,0.231481481,,,,0.5,0.333333333,0.5,0.666666667,0.5,0.5,0,0.5,2
149,Dave Wannstedt,2000,48,1,10,3,0,0,5,6,1,,,,0.647407407,0.457777778,0.258518519,0.466155811,0.372286079,0.417411665,0.59375,0.529885057,0.511494253,0.795977011,0.625,1,1,0.6875,2
150,David Shula,1992,33,0,0,0,0,8,2,0,0,0.018518519,0.037037037,0.259259259,,,,,,,0.375,0.240740741,0.259259259,0.222222222,0.5,0.5,0.5,0.25,2
151,Dennis Allen,2012,40,0,2,0,0,5,1,0,0,,,,0.387096774,0.258064516,0.129032258,,,,0.5,0.403225806,0.435483871,0.596774194,0.333333333,0,0,0.25,1
152,Dennis Erickson,1995,48,0,3,8,13,0,0,0,0,,,,,,,,,,0.375,0.685185185,0.314814815,0.12962963,0,0,0,0.46875,1
153,Dennis Erickson,2003,56,1,3,8,17,0,0,4,1,,,,,,,0.387931034,0.5,0.5,0.6875,0.853763441,0.675268817,0.821505376,0.875,1,0.5,0.28125,0
154,Dennis Green,1992,43,0,6,1,8,4,0,0,0,,,,,,,,,,0.4375,0.537037037,0.5,0.592592593,0.25,0,0,0.625,3
155,Dennis Green,2004,55,1,6,1,8,4,0,10,0,,,,,,,0.636002554,0.602439336,0.59091954,0.28125,0.112903226,0.016129032,0.096774194,0,0,0,0.34375,1
156,Dewey Scanlon,1924,25,0,0,0,0,0,0,0,0,,,,,,,,,,0.571428571,1,0.473684211,1,0.684210526,,,0.416666667,1
157,Dewey Scanlon,1929,30,1,0,0,0,0,0,3,0,,,,,,,1,0.6178682,1,0.242424242,1,0.191919192,1,0.191919192,0,0,0.5,0
158,Dick Hanley,1946,52,0,0,0,13,0,0,0,0,,,,,,,,,,,,,,,,,0.5,0
159,Dick Jauron,1999,49,0,0,0,0,9,4,0,0,,,,0.310344828,0.353448276,0.413793103,,,,0.25,0.206896552,0.120689655,0.534482759,0,0,0,0.34375,2
160,Dick Jauron,2005,55,1,0,0,0,9,5,5,1,,,,0.312791991,0.373081201,0.382647386,0.251397849,0.356989247,0.416989247,0.34375,0.580645161,0.241935484,0.129032258,0.166666667,0,0,0.31875,0
161,Dick Jauron,2006,56,2,0,0,0,9,5,6,1,,,,0.312791991,0.373081201,0.382647386,0.231003584,0.335125448,0.444265233,0.4375,0.709677419,0.5,0.387096774,0.333333333,0,0,0.4375,1
162,Dick LeBeau,2000,63,0,0,0,0,14,13,0,0,,,,0.394105511,0.31781118,0.470566853,,,,0.21875,0.424137931,0.016666667,0.235632184,0.1,0,0,0.341346154,1
163,Dick MacPherson,1991,61,0,0,0,17,7,0,0,0,,,,,,,,,,0.1875,0.296296296,0.092592593,0.185185185,0.125,0,0,0.25,0
164,Dick Nolan,1968,36,0,0,0,0,4,2,0,0,,,,0.764285714,0.726190476,0.642857143,,,,0.5,0.242857143,0.316666667,0.657142857,0.416666667,0,0,0.446428571,3
165,Dick Nolan,1978,46,1,0,0,0,5,2,8,1,,,,0.764285714,0.726190476,0.642857143,0.675,0.573333333,0.39,0.25,0.518518519,0.185185185,0.148148148,0.125,0,0,0.46875,1
166,Dick Rauch,1925,32,0,0,0,0,0,0,0,0,,,,,,,,,,,,,,,,,0.80952381,1
167,Dick Rauch,1928,35,1,0,0,0,0,0,3,0,,,,,,,1,0.695526696,1,0.46875,1,0.454545455,1,0.545454545,,,0.423076923,0
168,Dick Rauch,1929,36,2,0,0,0,0,0,4,0,,,,,,,1,0.604978355,1,0.292307692,1,0.202020202,1,0.292929293,,,0.5,0
169,Dick Stanfel,1980,53,0,5,0,0,11,5,0,0,0.648,0.544,0.232,,,,,,,0.46875,0.851851852,0.481481481,0.611111111,0.5,0,0,0.25,0
170,Dick Todd,1951,37,0,2,0,0,0,0,0,0,,,,,,,,,,0.3125,0.097222222,0.194444444,0.388888889,0.125,0,0,0.555555556,0
171,Dick Vermeil,1976,40,0,0,1,2,4,0,0,0,,,,,,,,,,0.392857143,0.78,0.46,0.28,0.125,0,0,0.321428571,2
172,Dick Vermeil,1997,61,1,0,1,2,4,0,7,0,,,,,,,0.571428571,0.687830688,0.666666667,0.40625,0.344827586,0.103448276,0.25862069,0.5,0,0,0.28125,1
173,Dick Vermeil,2001,65,2,0,1,2,4,0,10,0,,,,,,,0.565517241,0.622860792,0.633103448,0.5,0.833333333,0.65,0.65,0.625,0,0,0.4375,2
174,Dim Batterson,1927,46,0,0,0,1,0,0,0,0,,,,,,,,,,0.361111111,1,0.417293233,1,0.441102757,,,0,0
175,Dirk Koetter,2016,57,0,0,13,9,0,9,0,0,0.577060932,0.462365591,0.58781362,,,,,,,0.25,0.258064516,0.177419355,0.419354839,0,0,0,0.4375,1
176,Doc Alexander,1922,25,0,0,0,0,0,0,0,0,,,,,,,,,,0.518181818,1,0.544230769,1,0.544230769,,,0.1,0
177,Doc Alexander,1926,29,1,0,0,0,0,0,1,0,,,,,,,1,0.235294118,1,0.666666667,1,0.842105263,1,0.842105263,0,0,0.653846154,0
178,Doc Young,1925,34,0,0,0,0,0,0,0,0,,,,,,,,,,0.357142857,1,0.308049536,1,0.366873065,,,0.125,0
179,Dom Capers,1995,45,0,9,0,0,6,3,0,0,,,,0.814814815,0.888888889,0.827160494,,,,,,,,,0,0,0.59375,1
180,Dom Capers,2002,52,1,9,0,0,6,5,4,1,,,,0.795555556,0.833333333,0.702962963,0.301724138,0.456896552,0.448275862,,,,,,0,0,0.28125,1
181,Don Coryell,1973,49,0,0,0,18,0,0,0,0,,,,,,,,,,0.535714286,0.5,0.54,0.66,0.5,0,0,0.517857143,2
182,Don Coryell,1978,54,1,0,0,18,0,0,5,0,,,,,,,0.507259259,0.536592593,0.49037037,0.464285714,0.537037037,0.518518519,0.592592593,0.5,0,0,0.708333333,3
183,Don McCafferty,1970,49,0,0,0,0,11,0,0,0,,,,,,,,,,0.767857143,0.366666667,0.8,0.666666667,0.833333333,0.5,1,0.767857143,1
184,Don McCafferty,1973,52,1,0,0,0,11,0,3,0,,,,,,,0.64,0.72,0.653333333,0.571428571,0.56,0.66,0.62,0.666666667,0,0,0.464285714,0
185,Don Shula,1963,33,0,2,0,0,1,2,0,0,,,,0.923076923,0.884615385,0.692307692,,,,0.535714286,0.153846154,0.461538462,0.923076923,0.583333333,0,0,0.714285714,2
186,Don Shula,1970,40,1,2,0,0,1,2,7,0,,,,0.923076923,0.884615385,0.692307692,0.744636316,0.825798012,0.583464155,0.321428571,0.444444444,0.277777778,0.333333333,0.25,0,0,0.732142857,3
187,Doug Marrone,2013,49,0,9,0,4,4,3,0,0,0.967741935,0.838709677,0.591397849,,,,,,,0.375,0.387096774,0.274193548,0.370967742,0,0,0,0.46875,0
190,Doug Wycoff,1929,26,0,0,0,0,0,0,0,0,,,,,,,,,,,,,,,,,0.475,0
191,Dudley DeGroot,1944,45,0,0,0,15,0,0,0,0,,,,,,,,,,0.779545455,0.555555556,0.888888889,0.777777778,1,1,1,0.725,0
192,Dudley DeGroot,1946,47,1,0,0,15,0,0,2,0,,,,,,,0.85,0.638888889,0.588888889,,,,,,,,0.512987013,0
193,Dutch Bergman,1943,48,0,0,0,14,0,0,0,0,,,,,,,,,,0.727272727,0.333333333,0.722222222,0.777777778,0.75,0.5,0.5,0.65,0
194,Dutch Clark,1937,31,0,0,0,1,0,0,0,0,,,,,,,,,,0.666666667,0.4375,0.8125,0.875,0.666666667,0.5,0.5,0.636363636,0
195,Dutch Clark,1939,33,1,0,0,1,0,0,2,0,,,,,,,0.666666667,0.722222222,0.722222222,0.227272727,0.222222222,0.055555556,0.111111111,0.125,0,0,0.454545455,1
196,Dutch Hendrian,1923,27,0,0,0,0,0,0,0,0,,,,,,,,,,0.554166667,1,0.857352941,1,0.685294118,,,0,0
197,Earl Potteiger,1924,31,0,0,0,0,0,0,0,0,,,,,,,,,,,,,,,,,0.1,0
198,Earl Potteiger,1927,34,1,0,0,0,0,0,1,0,,,,,,,1,0.058823529,1,0.66025641,1,0.84962406,1,0.802005013,0,0,0.634615385,0
199,Ed Biles,1981,50,0,6,0,7,5,6,0,0,,,,0.6,0.602962963,0.64,,,,0.6875,0.611111111,0.648148148,0.685185185,0.666666667,1,1,0.274305556,1
200,Ed Hughes,1971,44,0,1,0,0,10,1,0,0,0.96,1,0.92,,,,,,,0.375,0.151111111,0.317777778,0.488888889,0.375,0.5,0,0.321428571,0
201,Ed Khayat,1971,36,0,0,0,0,4,0,0,0,,,,,,,,,,0.285714286,0.193333333,0.166666667,0.326666667,0,0,0,0.38474026,0
202,Ed Kubale,1944,45,0,0,0,13,0,0,0,0,,,,,,,,,,0.236363636,0.277777778,0.277777778,0.277777778,0.125,,,0,0
203,Ed McKeever,1948,38,0,9,0,4,0,0,0,0,,,,,,,,,,0.267857143,0.428571429,0.285714286,0.285714286,0,,,0.071428571,0
204,Ed Robinson,1931,58,0,0,0,27,0,0,0,0,,,,,,,,,,0.503787879,1,0.377272727,1,0.527272727,,,0.5,0
205,Ed Weir,1927,24,0,0,0,0,0,0,0,0,,,,,,,,,,0.766176471,1,0.789473684,1,0.868421053,,,0.625,0
206,Eddie Casey,1935,41,0,5,0,10,0,0,0,0,,,,,,,,,,0.5,0.316666667,0.472222222,0.422222222,0.625,0,0,0.227272727,0
207,Eddie Erdelatz,1960,47,0,0,0,9,2,0,0,0,,,,,,,,,,,,,,,0,0,0.214285714,0
208,Elgie Tobin,1920,34,0,0,0,0,0,0,0,0,,,,,,,,,,,,,,,,,0.785984848,0
209,Emmitt Thomas,2007,64,0,1,1,0,19,7,0,0,,,,0.489490969,0.311494253,0.394417077,,,,0.46875,0.629032258,0.435483871,0.451612903,0.333333333,0,0,0.333333333,0
210,Eric Mangini,2006,35,0,0,0,0,9,1,0,0,,,,0.193548387,0.483870968,0.032258065,,,,0.4375,0.677419355,0.451612903,0.467741935,0.333333333,0.5,0.5,0.4375,1
211,Eric Mangini,2009,38,1,0,0,0,9,1,3,0,,,,0.193548387,0.483870968,0.032258065,0.344086022,0.537634409,0.430107527,0.4375,0.596774194,0.370967742,0.209677419,0.333333333,0,0,0.3125,0
212,Eric Studesville,2010,43,0,3,0,0,13,0,0,0,,,,,,,,,,0.5,0.419354839,0.338709677,0.596774194,0.666666667,0,0,0.25,0
213,Ernie Hefferle,1975,60,0,6,0,2,6,0,0,0,,,,,,,,,,0.357142857,0.44,0.12,0.26,0.166666667,0,0,0.125,0
214,Ernie Nevers,1927,25,0,0,0,0,0,0,0,0,,,,,,,,,,0.267857143,1,0.515037594,1,0.438596491,,,0.111111111,0
215,Ernie Nevers,1930,28,1,1,0,0,0,0,1,1,,,,,,,1,0.090909091,1,0.333333333,1,0.464646465,1,0.419191919,0,0,0.543269231,0
216,Ernie Nevers,1939,37,2,3,0,1,0,0,3,1,,,,,,,1,0.382154882,1,0.340909091,0.5,0.277777778,0.388888889,0.125,0,0,0.090909091,0
217,Fay Abbott,1928,33,0,0,0,0,0,0,0,0,,,,,,,,,,0.21875,1,0.253246753,1,0.233766234,,,0,0
218,Forrest Douds,1933,28,0,0,0,0,0,0,0,0,,,,,,,,,,,,,,,0,0,0.363636364,0
219,Forrest Gregg,1975,42,0,0,0,0,2,0,0,0,,,,,,,,,,0.428571429,0.28,0.34,0.18,0.166666667,0,0,0.428571429,1
220,Forrest Gregg,1980,47,1,0,0,0,2,0,3,1,,,,,,,0.551111111,0.34962963,0.204444444,0.25,0.5,0.203703704,0.388888889,0,0,0,0.5625,1
221,Forrest Gregg,1984,51,2,0,0,0,2,0,7,1,,,,,,,0.696507937,0.530793651,0.558518519,0.555555556,0.148148148,0.62962963,0.5,0.875,0.5,0.5,0.5,1
222,Frank Bridges,1944,54,0,0,0,14,1,0,0,0,,,,,,,,,,0.236363636,0.277777778,0.277777778,0.277777778,0.125,,,0,0
223,Frank Coughlin,1921,25,0,0,0,0,0,0,0,0,,,,,,,,,,0.7,1,0.923076923,1,0.769230769,,,0.25,0
224,Frank Fausch,1921,26,0,0,0,0,0,0,0,0,,,,,,,,,,,,,,,,,0.3,0
225,Frank Filchock,1960,44,0,0,0,0,0,0,0,0,,,,,,,,,,,,,,,0,0,0.267857143,0
226,Frank Gansz,1987,49,0,0,0,0,9,0,0,0,,,,,,,,,,0.5,0.888888889,0.462962963,0.148148148,0.375,0.5,0,0.273958333,0
227,Frank Kush,1982,53,0,3,0,22,0,0,0,0,,,,,,,,,,0.28125,0.333333333,0.203703704,0.203703704,0.25,0,0,0.246527778,1
228,Frank Nied,1926,32,0,0,0,0,0,0,0,0,,,,,,,,,,0.4375,1,0.433436533,1,0.568111455,,,0.333333333,0
230,Frankie Albert,1956,36,0,0,0,0,0,0,0,0,,,,,,,,,,0.479166667,0.5,0.409090909,0.409090909,0.4,0,0,0.5625,1
231,Fred Bruney,1985,54,0,0,0,0,21,2,0,0,,,,0.228148148,0.331111111,0.556296296,,,,0.359375,0.333333333,0.240740741,0.148148148,0.125,0,0,1,0
232,Fred Gillies,1928,33,0,0,0,0,0,0,0,0,,,,,,,,,,0.388257576,1,0.374458874,1,0.422077922,0,0,0.166666667,0
233,Fred O'Connor,1978,39,0,6,2,0,3,0,0,0,,,,,,,,,,0.464285714,0.240740741,0.5,0.592592593,0.541666667,0,0,0.142857143,0
234,Freddie Kitchens,2019,45,0,5,0,0,12,1,0,0,0.612903226,0.387096774,0.322580645,,,,,,,0.234375,0.387096774,0.193548387,0.290322581,0.166666667,0,0,0.375,0
235,Fritz Pollard,1921,27,0,0,0,2,0,0,0,0,,,,,,,,,,0.863636364,1,0.846153846,1,1,,,0.708333333,0
236,Fritz Pollard,1925,31,1,0,0,2,0,0,1,1,,,,,,,1,0.95,1,0.357142857,1,0.308049536,1,0.366873065,,,0,0
237,Gary Kubiak,2006,45,0,2,0,0,1,11,0,0,0.834479388,0.795520275,0.720676172,,,,,,,0.28125,0.419354839,0.209677419,0.177419355,0.166666667,0,0,0.4375,3
238,Gary Kubiak,2015,54,1,2,0,0,1,12,8,1,0.81870288,0.793743048,0.730512298,,,,0.661290323,0.467741935,0.391129032,0.78125,0.629032258,0.951612903,0.983870968,1,1,1,0.65625,0
239,Gary Moeller,2000,59,0,6,12,8,5,0,0,0,,,,,,,,,,0.40625,0.58908046,0.371264368,0.375862069,0.375,0.5,0,0.571428571,0
240,Gene Ronzani,1950,41,0,0,0,0,3,0,0,0,,,,,,,,,,0.208333333,0.277777778,0.166666667,0.222222222,0.125,0,0,0.25,1
241,Gene Stallings,1986,51,0,0,0,7,14,0,0,0,,,,,,,,,,0.65625,0.833333333,0.703703704,0.351851852,0.833333333,1,0.5,0.373958333,0
242,Gene Stallings,1988,53,1,0,0,7,14,0,2,0,,,,,,,0.388888889,0.314814815,0.5,0.373958333,0.5,0.314814815,0.388888889,0.25,0,0,0.446022727,0
243,George Allen,1966,48,0,0,0,0,1,2,0,0,,,,0.269230769,0.5,0.615384615,,,,0.357142857,0.192307692,0.230769231,0.384615385,0.166666667,0,0,0.714285714,2
244,George Allen,1971,53,1,0,0,0,1,2,5,0,,,,0.269230769,0.5,0.615384615,0.779238095,0.860190476,0.902095238,0.5,0.606666667,0.413333333,0.413333333,0.458333333,0,0,0.732142857,2
245,George Gibson,1930,25,0,1,0,0,0,0,0,0,,,,,,,,,,0.703947368,1,0.606060606,1,0.853535354,,,0.4,0
246,George Halas,1920,25,0,0,0,0,0,0,0,0,,,,,,,,,,,,,,,0,0,0.854895105,3
247,George Seifert,1989,49,0,11,0,3,3,6,0,0,,,,0.765432099,0.907407407,0.691358025,,,,0.745833333,0.907407407,0.907407407,0.981481481,1,1,1.5,0.875,3
248,George Seifert,1999,59,1,11,0,3,3,6,8,0,,,,0.765432099,0.907407407,0.691358025,0.973180077,0.977490421,0.738984674,0.34375,0.275862069,0.293103448,0.172413793,0.5,0,0,0.46875,1
249,George Wilson,1957,43,0,0,0,0,9,0,0,0,,,,,,,,,,0.5,0.590909091,0.545454545,0.681818182,0.4,0,0,0.520833333,3
250,George Wilson,1966,52,1,0,0,0,9,1,8,1,0.230769231,0.153846154,0.230769231,,,,0.558129371,0.578161422,0.568618881,,,,,,0,0,0.25,1
251,Greasy Neale,1941,50,0,7,0,13,0,0,0,0,,,,,,,,,,0.113636364,0.277777778,0.222222222,0.166666667,0.125,0,0,0.204545455,3
252,Greg Schiano,2012,46,0,5,2,11,1,0,0,0,,,,,,,,,,0.4375,0.435483871,0.290322581,0.274193548,0.166666667,0,0,0.34375,0
253,Gregg Williams,2001,43,0,0,0,0,7,4,0,0,,,,0.556321839,0.685344828,0.590804598,,,,0.59375,0.483333333,0.616666667,0.95,0.5,0.5,0,0.34375,1
254,Guil Falcon,1920,28,0,0,0,0,0,0,0,0,,,,,,,,,,,,,,,,,0.3125,0
255,Guil Falcon,1922,30,1,0,0,0,0,0,1,0,,,,,,,1,0.384615385,1,,,,,,,,0.583333333,0
256,Gunther Cunningham,1999,53,0,12,0,0,10,6,0,0,,,,0.694338016,0.636653895,0.473392933,,,,0.625,0.74137931,0.724137931,0.586206897,0.625,0.5,0,0.5,0
257,Gus Bradley,2013,47,0,0,11,0,2,4,0,0,,,,0.516129032,0.564516129,0.556451613,,,,0.21875,0.548387097,0.112903226,0.048387097,0.166666667,0,0,0.21875,1
258,Gus Dorais,1943,52,0,2,0,27,0,0,0,0,,,,,,,,,,0.204545455,0.277777778,0.166666667,0.055555556,0.25,0,0,0.5,2
259,Gus Henderson,1939,50,0,0,0,17,0,0,0,0,,,,,,,,,,0.636363636,0.722222222,0.722222222,0.666666667,0.75,0,0,0.545454545,0
260,Gus Tebell,1923,26,0,0,0,0,0,0,0,0,,,,,,,,,,0.055555556,1,0.133823529,1,0.188235294,,,0.666666667,0
261,Guy Chamberlin,1922,28,0,0,0,0,0,0,0,0,,,,,,,,,,0.632692308,1,0.784615385,1,0.655769231,,,0.9375,0
262,Guy Chamberlin,1924,30,1,0,0,0,0,0,2,0,,,,,,,1,0.970588235,1,0.642857143,1,0.526315789,1,0.789473684,,,0.741666667,0
263,Guy Chamberlin,1925,31,2,0,0,0,0,0,3,0,,,,,,,1,0.980392157,1,0.821428571,1,0.941176471,1,0.882352941,,,0.766176471,0
264,Guy Chamberlin,1927,33,3,0,0,0,0,0,5,0,,,,,,,1,0.904024768,1,0.639880952,1,0.711779449,1,0.785714286,0,0,0.318181818,0
265,Hal Erickson,1924,25,0,0,0,0,0,0,0,0,,,,,,,,,,0.548611111,1,0.574303406,1,0.653250774,,,0.384615385,0
266,Hal Griffen,1930,28,0,0,0,0,0,0,0,0,,,,,,,,,,,,,,,0,0,0.464285714,0
267,Hal Hanson,1932,38,0,0,0,3,0,0,0,0,,,,,,,,,,0.454545455,1,0.422222222,1,0.416666667,,,0.291666667,0
268,Hal Hunter,1984,50,0,16,2,4,2,0,0,0,,,,,,,,,,0.246527778,0.333333333,0.055555556,0.12962963,0.125,0,0,0,0
269,Hampton Pool,1946,31,0,0,0,0,0,0,0,0,,,,,,,,,,,,,,,,,0.25,0
270,Hampton Pool,1947,32,1,0,0,0,0,0,1,0,,,,,,,0,0,0,0.464285714,0.857142857,0.428571429,0.428571429,0,,,0.25,0
271,Hampton Pool,1952,37,2,0,0,0,2,0,2,1,,,,,,,0.071428571,0.071428571,0,0.708333333,0.428030303,0.912878788,1,1,1,1,0.763257576,1
272,Hank Bullough,1986,52,0,0,0,0,8,11,0,0,,,,0.67003367,0.558922559,0.552188552,,,,0.125,0.148148148,0.018518519,0.111111111,0,0,0,0.222222222,0
273,Hank Gillo,1920,26,0,0,0,0,0,0,0,0,,,,,,,,,,,,,,,,,0.285714286,0
274,Hank Kuhlmann,1989,52,0,0,0,0,10,0,0,0,,,,,,,,,,0.452083333,0.444444444,0.425925926,0.62962963,0.375,0,0,0,0
275,Hank Stram,1960,36,0,0,0,0,0,0,0,0,,,,,,,,,,,,,,,0,0,0.5,3
276,Hank Stram,1976,52,1,0,0,0,0,0,15,0,,,,,,,0.696179894,0.754544974,0.789042328,0.25,0.52,0.08,0.26,0.166666667,0,0,0.25,0
277,Harland Svare,1962,32,0,0,0,0,0,2,0,0,,,,0.801282051,0.708333333,0.75,,,,0.330357143,0.756410256,0.282051282,0.198717949,0.166666667,0,0,0.220238095,1
278,Harland Svare,1971,41,1,0,0,0,0,6,4,1,,,,0.447094017,0.436111111,0.478888889,0.211538462,0.153846154,0.269230769,0.517857143,0.537777778,0.573333333,0.437777778,0.416666667,0,0,0.410714286,1
279,Harry Gilmer,1965,39,0,0,0,0,8,0,0,0,,,,,,,,,,0.482142857,0.423076923,0.653846154,0.538461538,0.5,0,0,0.392857143,0
280,Harry Mehre,1923,22,0,1,0,0,0,0,0,0,,,,,,,,,,0.25,1,0.401470588,1,0.347058824,,,0.333333333,0
281,Harry Robb,1925,28,0,0,0,1,0,0,0,0,,,,,,,,,,0.958333333,1,1,1,1,,,0.3,0
282,Harvey Johnson,1968,49,0,0,0,0,2,0,0,0,,,,,,,,,,0.482142857,0.375,0.625,0.625,0.75,0.5,0,0.125,1
283,Herb Dell,1922,33,0,0,0,0,0,0,0,0,,,,,,,,,,0.205555556,1,0.151923077,1,0.138461538,,,0,0
284,Herb Joesting,1929,24,0,0,0,0,0,0,0,0,,,,,,,,,,,,,,,,,0.1,0
285,Herb Kopf,1944,49,0,0,0,5,0,0,0,0,,,,,,,,,,,,,,,,,0.275,1
286,Herb Sies,1923,30,0,0,0,0,0,0,0,0,,,,,,,,,,0.642857143,1,0.875,1,0.782352941,,,0.4375,0
287,Herm Edwards,2001,47,0,0,0,0,9,0,0,0,,,,,,,,,,0.53125,0.65,0.45,0.4,0.375,0,0,0.59375,2
288,Herm Edwards,2006,52,1,0,0,0,9,0,5,0,,,,,,,0.369677419,0.500860215,0.722580645,0.53125,0.548387097,0.725806452,0.935483871,0.5,0,0,0.40625,1
289,Herman Ball,1949,39,0,0,0,0,0,0,0,0,,,,,,,,,,0.458333333,0.277777778,0.444444444,0.722222222,0.5,0,0,0.225,1
290,Hinkey Haines,1931,33,0,0,0,0,0,0,0,0,,,,,,,,,,0.475,1,0.518181818,1,0.522727273,,,0.25,0
291,Hoge Workman,1931,32,0,0,0,6,0,0,0,0,,,,,,,,,,,,,,,,,0.2,0
292,Homer Rice,1978,51,0,1,0,4,0,0,0,0,,,,,,,,,,0.642857143,0.777777778,0.648148148,0.574074074,0.666666667,0,0,0.306818182,0
293,Howard Schnellenberger,1973,39,0,0,5,0,4,3,0,0,0.813333333,0.826666667,0.853333333,,,,,,,0.535714286,0.74,0.66,0.64,0.625,0.5,0.5,0.142857143,0
294,Hubert Wiggs,1922,29,0,0,0,0,0,0,0,0,,,,,,,,,,0,1,0.25,1,0.15,,,0.25,0
295,Hue Jackson,2011,46,0,5,5,0,7,3,0,0,0.430107527,0.419354839,0.655913978,,,,,,,0.40625,0.274193548,0.322580645,0.387096774,0.333333333,0,0,0.5,0
297,Hugh Campbell,1984,43,0,0,0,7,0,0,0,0,,,,,,,,,,0.118055556,0.092592593,0.018518519,0.092592593,0,0,0,0.272321429,0
298,Hugh Devore,1953,43,0,4,0,12,0,0,0,0,,,,,,,,,,0.375,0.090909091,0.272727273,0.363636364,0.3,0,0,0,0
299,Hugh Devore,1956,46,1,4,0,14,0,0,1,1,,,,,,,0.272727273,0.181818182,0.454545455,0.5,0.318181818,0.590909091,0.863636364,0.6,0,0,0.3125,0
300,Hugh Taylor,1965,42,0,0,0,2,4,1,0,0,1,1,1,,,,,,,0.357142857,0.357142857,0.285714286,0.285714286,0.166666667,0,0,0.285714286,0
301,Hugo Bezdek,1937,54,0,0,0,22,0,0,0,0,,,,,,,,,,,,,,,0,0,0.045454545,0
302,Hunk Anderson,1942,44,0,3,0,8,3,0,0,0,,,,,,,,,,0.818181818,0.944444444,0.944444444,0.944444444,1,1,1.5,0.925,1
303,J.D. Roberts,1970,38,0,0,0,0,2,0,0,0,,,,,,,,,,0.339285714,0.4,0.266666667,0.266666667,0.333333333,0,0,0.25,1
304,Jack Chevigny,1932,26,0,0,0,0,0,0,0,0,,,,,,,,,,0.508547009,1,0.527777778,1,0.533333333,0,0,0.3,0
305,Jack Christiansen,1963,35,0,0,0,0,4,0,0,0,,,,,,,,,,0.482142857,0.230769231,0.653846154,0.576923077,0.333333333,0,0,0.233766234,2
306,Jack Del Rio,2003,40,0,0,0,0,5,1,0,0,,,,0.967741935,0.870967742,0.806451613,,,,0.375,0.652150538,0.509139785,0.312365591,0.266666667,0,0,0.4375,3
307,Jack Del Rio,2015,52,1,0,0,0,5,4,9,1,,,,0.822580645,0.653225806,0.60483871,0.519713262,0.462365591,0.537634409,0.21875,0.080645161,0.048387097,0.161290323,0,0,0,0.59375,1
308,Jack Depler,1929,30,0,0,0,0,0,0,0,0,,,,,,,,,,,,,,,,,0.520833333,0
309,Jack Depler,1930,31,1,0,0,0,0,0,1,0,,,,,,,1,0.363636364,1,,,,,,,,0.383928571,0
310,Jack Faulkner,1962,36,0,0,0,0,7,0,0,0,,,,,,,,,,0.267857143,0.071428571,0.071428571,0.142857143,0.166666667,0,0,0.339285714,1
311,Jack Fish,1930,38,0,0,0,0,0,0,0,0,,,,,,,,,,0.416666667,1,0.363636364,1,0.363636364,,,0.166666667,0
312,Jack Forsyth,1920,28,0,0,0,0,0,0,0,0,,,,,,,,,,,,,,,,,0.518181818,0
313,Jack Hegarty,1921,33,0,0,0,2,0,0,0,0,,,,,,,,,,,,,,,,,0.333333333,0
314,Jack Heldt,1926,26,0,0,0,1,0,0,0,0,,,,,,,,,,0.25,1,0.40247678,1,0.340557276,,,0.142857143,0
315,Jack Keogh,1926,40,0,0,0,0,0,0,0,0,,,,,,,,,,,,,,,,,0.3,0
316,Jack Meagher,1946,52,0,0,0,22,0,0,0,0,,,,,,,,,,,,,,,,,0.166666667,0
317,Jack Pardee,1975,39,0,0,0,0,0,0,0,0,,,,,,,,,,0.25,0.22,0.1,0.2,0,0,0,0.392857143,1
318,Jack Pardee,1978,42,1,0,0,0,0,0,3,0,,,,,,,0.422716049,0.334320988,0.560493827,0.678571429,0.62962963,0.592592593,0.407407407,0.75,0.5,0,0.5625,1
319,Jack Pardee,1990,54,2,0,0,3,0,1,6,1,,,,0.037037037,0.074074074,0.62962963,0.433580247,0.46345679,0.632098765,0.59375,0.666666667,0.555555556,0.648148148,0.5,1,0.5,0.625,2
320,Jack Patera,1976,43,0,0,0,0,13,0,0,0,,,,,,,,,,,,,,,0,0,0.25,2
321,Jap Douds,1933,28,0,0,0,0,0,0,0,0,,,,,,,,,,,,,,,0,0,0.363636364,0
322,Jason Garrett,2010,44,0,0,0,0,2,4,0,0,0.830645161,0.701612903,0.532258065,,,,,,,0.625,0.338709677,0.596774194,0.887096774,0.666666667,0.5,0.5,0.5625,3
323,Jay Gruden,2014,47,0,0,0,0,0,3,0,0,0.47311828,0.64516129,0.483870968,,,,,,,0.40625,0.580645161,0.35483871,0.64516129,0.5,0.5,0,0.40625,2
324,Jeff Fisher,1994,36,0,0,0,0,5,3,0,0,,,,0.50617284,0.49382716,0.481481481,,,,0.6875,0.351851852,0.851851852,0.944444444,0.833333333,1,0,0.302083333,3
325,Jeff Fisher,2012,54,1,0,0,0,5,3,17,0,,,,0.50617284,0.49382716,0.481481481,0.479304286,0.529753951,0.547258998,0.28125,0.5,0.209677419,0.161290323,0.333333333,0,0,0.453125,2
326,Jerry Burns,1986,59,0,2,4,5,2,18,0,0,0.494567901,0.571769547,0.606419753,,,,,,,0.3125,0.222222222,0.222222222,0.148148148,0.25,0,0,0.547916667,2
327,Jerry Glanville,1986,45,0,6,1,0,5,6,0,0,,,,0.277777778,0.302469136,0.50617284,,,,0.25,0.37037037,0.111111111,0.055555556,0,0,0,0.45625,1
328,Jerry Glanville,1990,49,1,6,1,0,5,6,4,0,,,,0.277777778,0.302469136,0.50617284,0.62037037,0.481481481,0.490740741,0.25,0.722222222,0.148148148,0.037037037,0,0,0,0.46875,1
329,Jerry Smith,1971,41,0,0,0,0,10,0,0,0,,,,,,,,,,0.392857143,0.266666667,0.422222222,0.466666667,0.125,0,0,0.4,0
330,Jerry Williams,1969,46,0,0,0,3,6,0,0,0,,,,,,,,,,0.303571429,0.2,0.2,0.133333333,0.333333333,0,0,0.285714286,1
331,Jim Bates,2004,58,0,8,5,0,8,6,0,0,,,,0.692731979,0.662325767,0.657865392,,,,0.59375,0.629032258,0.758064516,0.612903226,0.5,0,0,0.428571429,0
332,Jim Caldwell,2009,54,0,14,0,8,8,0,0,0,,,,,,,,,,0.78125,0.935483871,0.85483871,0.790322581,0.833333333,1,0,0.75,1
333,Jim Caldwell,2014,59,1,14,0,8,9,1,3,1,0.096774194,0.225806452,0.322580645,,,,0.451612903,0.494623656,0.408602151,0.34375,0.096774194,0.451612903,0.919354839,0.166666667,0,0,0.5625,1
334,Jim Crowley,1947,45,0,0,0,13,0,0,0,0,,,,,,,,,,0.464285714,0.857142857,0.428571429,0.428571429,0,,,0,0
335,Jim Dooley,1968,38,0,0,0,0,3,2,0,0,,,,0.788095238,0.685714286,0.719047619,,,,0.482142857,0.754761905,0.44047619,0.414285714,0.5,0,0,0.285714286,1
336,Jim Fassel,1997,48,0,3,5,5,1,4,0,0,0.618773946,0.606002554,0.570881226,,,,,,,0.34375,0.637931034,0.293103448,0.086206897,0.125,0,0,0.578125,2
337,Jim Hanifan,1980,47,0,1,0,0,7,0,0,0,,,,,,,,,,0.65625,0.37037037,0.685185185,0.87037037,1,1,1.5,0.375,2
338,Jim Harbaugh,2011,48,0,0,0,7,2,0,0,0,,,,,,,,,,0.4375,0.709677419,0.5,0.306451613,0.5,0,0,0.765625,1
339,Jim Haslett,2000,45,0,1,2,0,3,4,0,0,,,,0.675287356,0.606609195,0.453735632,,,,0.28125,0.44137931,0.222988506,0.116666667,0.25,0,0,0.53125,2
340,Jim Kendrick,1923,30,0,0,0,0,0,0,0,0,,,,,,,,,,0.125,1,0.125,1,0.222058824,,,0,0
341,Jim Kendrick,1926,33,1,0,0,0,0,0,1,1,,,,,,,1,0.052631579,1,0.383838384,1,0.366873065,1,0.39628483,,,0.5,0
342,Jim Laird,1926,29,0,0,0,3,0,0,0,0,,,,,,,,,,0.541666667,1,0.526315789,1,0.526315789,,,0.423076923,0
343,Jim Lee Howell,1954,40,0,0,0,7,0,0,0,0,,,,,,,,,,0.416666667,0.545454545,0.409090909,0.227272727,0.5,0,0,0.5625,2
344,Jim Leonard,1945,35,0,0,0,4,0,0,0,0,,,,,,,,,,,,,,,0,0,0.2,0
345,Jim Mora,2004,43,0,0,0,0,14,5,0,0,,,,0.392043011,0.334623656,0.457634409,,,,0.453125,0.725806452,0.516129032,0.274193548,0.333333333,0.5,0.5,0.59375,1
346,Jim Mora,2009,48,1,0,0,0,16,5,3,1,,,,0.392043011,0.334623656,0.457634409,0.462365591,0.483870968,0.580645161,0.4375,0.548387097,0.483870968,0.387096774,0.666666667,0.5,0.5,0.3125,0
347,Jim Ringo,1976,45,0,0,0,0,7,0,0,0,,,,,,,,,,0.607142857,0.74,0.58,0.66,0.625,0.5,0,0.107142857,0
348,Jim Schwartz,2009,43,0,3,0,0,1,8,0,0,,,,0.476612903,0.428225806,0.581451613,,,,0.21875,0.306451613,0.129032258,0.048387097,0.166666667,0,0,0.25,2
349,Jim Thorpe,1920,33,0,0,0,0,0,0,0,0,,,,,,,,,,,,,,,,,0.495192308,0
350,Jim Thorpe,1921,34,1,0,0,0,0,0,1,0,,,,,,,1,0.769230769,1,0.375,1,0.307692308,1,0.307692308,,,0.354166667,0
351,Jim Thorpe,1922,35,2,0,0,0,0,0,2,0,,,,,,,1,0.734615385,1,,,,,,,,0.212121212,0
352,Jim Tomsula,2010,42,0,7,0,0,9,0,0,0,,,,,,,,,,0.46875,0.451612903,0.451612903,0.274193548,0.666666667,0,0,1,0
353,Jim Tomsula,2015,47,1,7,0,0,14,0,1,1,,,,,,,0.35483871,0.387096774,0.548387097,0.625,0.870967742,0.629032258,0.564516129,0.5,0.5,1,0.3125,0
354,Jim Trimble,1952,34,0,0,0,3,1,0,0,0,,,,,,,,,,0.416666667,0.420454545,0.602272727,0.640151515,0.4,0,0,0.604166667,1
355,Jim Zorn,2008,55,0,6,3,0,10,0,0,0,,,,,,,,,,0.4375,0.322580645,0.451612903,0.516129032,0.166666667,0.5,0,0.375,0
356,Jimmy Conzelman,1921,23,0,0,0,0,0,0,0,0,,,,,,,,,,0.7,1,0.923076923,1,0.769230769,,,0.721428571,0
357,Jimmy Conzelman,1922,24,1,0,0,0,0,0,1,0,,,,,,,1,0.75,1,,,,,,,,0.675595238,0
358,Jimmy Conzelman,1925,27,2,0,0,0,0,0,4,0,,,,,,,1,0.577592879,1,,,,,,,,0.583333333,0
359,Jimmy Conzelman,1927,29,3,0,0,0,0,0,6,0,,,,,,,1,0.661168854,1,0.482371795,1,0.525062657,1,0.525062657,,,0.712662338,1
360,Jimmy Conzelman,1940,42,4,0,0,8,0,0,10,1,,,,,,,1,0.62468111,1,0.136363636,0.166666667,0.111111111,0.222222222,0,0,0,0.295454545,3
361,Jimmy Johnson,1989,46,0,3,6,10,0,0,0,0,,,,,,,,,,0.327083333,0.296296296,0.240740741,0.592592593,0.375,0,0,0.25,2
362,Jimmy Johnson,1996,53,1,3,6,10,0,0,5,0,,,,,,,0.577777778,0.57037037,0.496296296,0.59375,0.48467433,0.785440613,0.80651341,0.75,1,0.5,0.53125,1
363,Jimmy Phelan,1948,55,0,0,0,28,0,0,0,0,,,,,,,,,,0.535714286,0.5,0.642857143,0.5,0.333333333,,,0.416666667,0
364,Jimmy Phelan,1951,58,1,0,0,28,0,0,2,0,,,,,,,0.071428571,0.30952381,0.30952381,0.354166667,0.375,0.305555556,0.083333333,0.333333333,,,0.125,0
365,Jimmy Phelan,1952,59,2,0,0,28,0,0,3,0,,,,,,,0.047619048,0.206349206,0.357864358,,,,,,,,0.083333333,0
366,Jock Sutherland,1940,51,0,0,0,20,0,0,0,0,,,,,,,,,,0.454545455,0.666666667,0.222222222,0.277777778,0.5,,,0.681818182,0
367,Jock Sutherland,1946,57,1,0,0,20,0,0,2,0,,,,,,,0.611111111,0.666666667,0.666666667,0.2,0.222222222,0,0,0,0,0,0.583333333,0
368,Joe Bach,1935,34,0,9,0,1,0,0,0,0,,,,,,,,,,0.265151515,0.2,0.05,0.155555556,0,0,0,0.416666667,0
369,Joe Bach,1952,51,1,9,0,8,7,0,2,1,,,,,,,0,0.125,0.125,0.4375,0.363636364,0.390151515,0.386363636,0.5,0,0,0.458333333,0
370,Joe Brandy,1924,27,0,0,0,4,0,0,0,0,,,,,,,,,,0.291666667,1,0.360681115,1,0.33126935,,,0,0
371,Joe Bugel,1990,50,0,0,0,0,6,9,0,0,0.798353909,0.732510288,0.592592593,,,,,,,0.375,0.166666667,0.222222222,0.444444444,0.25,0,0,0.28125,1
372,Joe Bugel,1997,57,1,0,0,0,6,11,4,1,0.781725299,0.702774875,0.556948798,,,,0.305555556,0.287037037,0.268518519,0.46875,0.396551724,0.672413793,0.74137931,0.125,0,0,0.25,0
373,Joe Collier,1966,34,0,0,0,0,4,0,0,0,,,,,,,,,,0.803571429,0.571428571,0.928571429,0.571428571,1,1,1,0.482142857,1
374,Joe Gibbs,1981,41,0,9,0,0,5,3,0,0,0.617283951,0.654320988,0.444444444,,,,,,,0.5,0.944444444,0.574074074,0.5,0.5,0,0,0.694444444,3
375,Joe Kuharich,1952,35,0,1,0,4,1,0,0,0,,,,,,,,,,0.333333333,0.522727273,0.303030303,0.397727273,0.1,0,0,0.333333333,0
376,Joe Kuharich,1954,37,1,1,0,4,1,0,1,0,,,,,,,0.363636364,0.181818182,0.454545455,0.4375,0.318181818,0.409090909,0.454545455,0.4,0,0,0.458333333,2
377,Joe Kuharich,1964,47,2,1,0,8,1,0,6,1,,,,,,,0.303030303,0.363636364,0.393939394,0.232142857,0.153846154,0.192307692,0.269230769,0,0,0,0.392857143,2
378,Joe Philbin,2012,51,0,9,8,0,3,5,0,0,0.851612903,0.883870968,0.851612903,,,,,,,0.40625,0.161290323,0.451612903,0.5,0.333333333,0,0,0.46875,1
379,Joe Schmidt,1967,35,0,0,0,0,1,0,0,0,,,,,,,,,,0.392857143,0.417582418,0.225274725,0.335164835,0.166666667,0,0,0.392857143,2
380,Joe Stydahar,1950,38,0,0,0,0,3,0,0,0,,,,,,,,,,0.645833333,0.555555556,0.777777778,0.777777778,0.75,0.5,0,0.708333333,1
381,Joe Stydahar,1953,41,1,0,0,0,3,0,3,0,,,,,,,0.909090909,0.911616162,0.558080808,0.291666667,0.5,0.227272727,0.454545455,0.1,0,0,0.145833333,0
382,Joe Thomas,1974,53,0,4,0,0,3,0,0,0,,,,,,,,,,0.321428571,0.56,0.28,0.24,0.25,0,0,0.181818182,0
383,Joe Vitt,2005,51,0,0,0,0,26,0,0,0,,,,,,,,,,0.625,0.403225806,0.580645161,0.709677419,0.833333333,1,0.5,0.363636364,0
384,Joe Vitt,2012,58,1,0,0,0,32,0,1,1,,,,,,,0.322580645,0.35483871,0.129032258,0.75,0.35483871,0.903225806,0.935483871,0.833333333,1,0.5,0.5,0
385,Joe Walton,1983,48,0,0,0,0,6,8,0,0,0.532407407,0.496851852,0.65962963,,,,,,,0.661458333,0.833333333,0.833333333,0.814814815,0.75,1,1,0.4375,2
386,Joey Sternaman,1923,23,0,0,0,0,0,0,0,0,,,,,,,,,,,,,,,,,0.571428571,0
387,John Armstrong,1924,27,0,0,0,0,0,0,0,0,,,,,,,,,,0.540178571,1,0.815789474,1,0.592879257,,,0.666666667,0
388,John Fassel,2016,42,0,4,0,0,1,0,0,0,,,,,,,,,,0.40625,0.5,0.387096774,0.129032258,0.166666667,0,0,0,0
389,John Fox,2002,47,0,6,3,0,5,7,0,0,,,,0.592610837,0.631435869,0.503174603,,,,0.25,0.6,0.216666667,0.083333333,0.25,0,0,0.5625,3
390,John Fox,2011,56,1,6,3,0,5,7,9,0,,,,0.592610837,0.631435869,0.503174603,0.451612903,0.483870968,0.562724014,0.375,0.483870968,0.274193548,0.419354839,0.333333333,0,0,0.65625,1
392,John Harbaugh,2008,46,0,5,9,0,1,0,0,0,,,,,,,,,,0.5625,0.5,0.564516129,0.677419355,0.5,0.5,0,0.625,3
393,John Mackovic,1983,40,0,3,7,3,2,0,0,0,,,,,,,,,,0.447916667,0.777777778,0.555555556,0.37037037,0.375,0,0,0.4375,1
394,John Madden,1969,33,0,0,3,2,2,0,0,0,,,,,,,,,,0.892857143,0.645833333,1,0.944444444,1,1,1,0.767857143,3
395,John Mazur,1971,41,0,0,0,0,7,2,0,0,0.2,0.266666667,0.58,,,,,,,0.214285714,0.353333333,0.166666667,0.055555556,0.25,0,0,0.325396825,0
396,John McKay,1976,53,0,0,0,16,0,0,0,0,,,,,,,,,,,,,,,0,0,0.071428571,3
397,John McVay,1976,45,0,0,0,8,0,0,0,0,,,,,,,,,,0.25,0.16,0.18,0.14,0.125,0,0,0.392857143,1
398,John Michelosen,1948,32,0,2,0,0,4,0,0,0,,,,,,,,,,0.583333333,0.555555556,0.5,0.277777778,0.75,0.5,0,0.4375,1
399,John North,1973,52,0,0,0,0,8,0,0,0,,,,,,,,,,0.267857143,0.6,0.18,0.16,0,0,0,0.357142857,1
400,John Ralston,1972,45,0,0,0,13,0,0,0,0,,,,,,,,,,0.357142857,0.38,0.36,0.64,0,0,0,0.464285714,2
401,John Rauch,1966,39,0,0,0,0,3,0,0,0,,,,,,,,,,0.517857143,0.428571429,0.428571429,0.428571429,0.5,0,0,0.767857143,1
402,John Rauch,1969,42,1,0,0,0,3,0,3,0,,,,,,,0.921296296,0.833333333,0.597222222,0.196428571,0.347222222,0.243055556,0.25,0.25,0,0,0.267857143,0
403,John Robinson,1983,48,0,0,3,7,1,0,0,0,,,,,,,,,,0.298611111,0.148148148,0.222222222,0.240740741,0.166666667,0,0,0.59375,3
404,John Sandusky,1972,47,0,0,0,0,13,0,0,0,,,,,,,,,,0.767857143,0.64,0.9,0.8,0.875,1,2,0.444444444,0
405,John Whelchel,1949,51,0,0,0,2,0,0,0,0,,,,,,,,,,0.458333333,0.277777778,0.444444444,0.722222222,0.5,0,0,0.5,0
406,Johnny Blood,1937,34,0,0,0,0,0,0,0,0,,,,,,,,,,0.416666667,0.125,0.125,0,0.625,0,0,0.272727273,1
407,Johnny Bryan,1925,28,0,0,0,0,0,0,0,0,,,,,,,,,,0.546474359,1,0.574303406,1,0.623839009,,,0.111111111,0
408,Johnny Murphy,1924,33,0,0,0,0,0,0,0,0,,,,,,,,,,0.05,1,0.117647059,1,0.114551084,,,0,0
409,Jon Gruden,1998,35,0,3,0,0,2,3,0,0,0.643678161,0.471264368,0.333333333,,,,,,,0.34375,0.362068966,0.431034483,0.396551724,0.25,0,0,0.5,1
410,Jon Gruden,2002,39,1,3,0,0,2,3,4,0,0.643678161,0.471264368,0.333333333,,,,0.72183908,0.694252874,0.576724138,0.59375,0.95,0.8,0.466666667,0.625,1,0,0.59375,2
412,Josh McDaniels,2009,33,0,0,0,0,2,3,0,0,0.849462366,0.860215054,0.76344086,,,,,,,0.46875,0.322580645,0.258064516,0.564516129,0.666666667,0,0,0.375,0
413,June Jones,1994,41,0,1,0,0,4,3,0,0,0.679012346,0.691358025,0.358024691,,,,,,,0.375,0.092592593,0.203703704,0.240740741,0.333333333,0,0,0.5,1
414,June Jones,1998,45,1,1,0,0,4,3,3,0,0.679012346,0.691358025,0.358024691,,,,0.200510856,0.245636441,0.433801618,0.375,0.448275862,0.137931034,0.068965517,0.25,0,0,0.3,0
415,Kay Stephenson,1983,39,0,0,0,0,6,0,0,0,,,,,,,,,,0.534722222,0.314814815,0.537037037,0.925925926,0.375,0.5,0.5,0.3125,1
416,Keith Molesworth,1953,48,0,8,0,0,1,0,0,0,,,,,,,,,,,,,,,0,0,0.25,0
417,Ken Huffine,1920,23,0,0,0,0,0,0,0,0,,,,,,,,,,,,,,,,,0,0
418,Ken Meyer,1977,51,0,5,0,0,5,4,0,0,0.802962963,0.761481481,0.801851852,,,,,,,0.464285714,0.131111111,0.573333333,0.556296296,0.708333333,0,0,0.357142857,0
419,Ken Whisenhunt,2007,45,0,2,0,0,7,3,0,0,0.623655914,0.688172043,0.602150538,,,,,,,0.3125,0.35483871,0.258064516,0.580645161,0.166666667,0,0,0.53125,2
420,Ken Whisenhunt,2014,52,1,2,0,0,7,4,6,1,0.685483871,0.677419355,0.629032258,,,,0.338709677,0.365591398,0.333333333,0.40625,0.451612903,0.274193548,0.258064516,0.5,0,0,0.133928571,0
421,Kevin Gilbride,1997,46,0,5,3,5,0,8,0,0,0.703384419,0.623563218,0.349616858,,,,,,,0.53125,0.551724138,0.379310345,0.310344828,0.625,0.5,0,0.291666667,0
424,Lane Kiffin,2007,32,0,4,2,0,1,0,0,0,,,,,,,,,,0.1875,0.225806452,0.096774194,0.225806452,0,0,0,0.25,0
425,Larry Wilson,1979,41,0,0,0,0,0,0,0,0,,,,,,,,,,0.732142857,0.685185185,0.907407407,0.944444444,1,1,0.5,0.666666667,0
426,Leeman Bennett,1977,39,0,0,1,0,7,0,0,0,,,,,,,,,,0.285714286,0.325185185,0.275555556,0.138518519,0.416666667,0,0,0.53125,2
427,Leeman Bennett,1985,47,1,0,1,0,7,0,6,0,,,,,,,0.462962963,0.49382716,0.685185185,0.25,0.407407407,0.166666667,0.222222222,0.25,0,0,0.125,0
428,Lenny Sachs,1926,29,0,0,0,0,0,0,0,0,,,,,,,,,,,,,,,,,0,0
429,Leo Lyons,1923,31,0,0,0,0,0,0,0,0,,,,,,,,,,0.25,1,0.392647059,1,0.363235294,,,0,0
430,Les Steckel,1984,38,0,0,0,0,6,0,0,0,,,,,,,,,,0.527777778,0.87037037,0.37037037,0.37037037,0.5,0.5,0.5,0.1875,0
431,Leslie Frazier,2010,51,0,2,0,9,6,6,0,0,,,,0.564516129,0.483870968,0.553763441,,,,0.6875,0.516129032,0.774193548,0.822580645,1,1,0.5,0.34375,1
432,Lindy Infante,1988,48,0,0,5,0,3,4,0,0,0.833333333,0.898148148,0.962962963,,,,,,,0.308333333,0.388888889,0.148148148,0.333333333,0.375,0,0,0.4375,1
433,Lindy Infante,1996,56,1,0,5,0,3,5,4,1,0.72183908,0.808173691,0.949680715,,,,0.388888889,0.287037037,0.259259259,0.53125,0.581736909,0.570881226,0.224137931,0.625,0.5,1,0.375,0
434,Lisle Blackbourn,1954,55,0,2,0,4,0,0,0,0,,,,,,,,,,0.354166667,0.227272727,0.318181818,0.454545455,0.2,0,0,0.416666667,1
435,Lone Star Dietz,1933,49,0,0,0,14,0,0,0,0,,,,,,,,,,0.5,0,0.428571429,0.142857143,0.571428571,0,0,0.5,0
436,Lou Holtz,1976,39,0,9,0,7,0,0,0,0,,,,,,,,,,0.357142857,0.18,0.22,0.22,0.25,0,0,0.230769231,0
437,Lou Mahrt,1927,23,0,0,0,0,0,0,0,0,,,,,,,,,,0.15625,1,0.176691729,1,0.248120301,,,0.1875,0
438,Lou Rymkus,1960,41,0,1,0,0,6,0,0,0,,,,,,,,,,,,,,,0,0,0.507142857,0
439,Lou Saban,1960,39,0,0,0,7,0,0,0,0,,,,,,,,,,0.3125,0.5,0.181818182,0.090909091,0.3,0,0,0.378571429,0
440,Lou Saban,1962,41,1,0,0,7,0,0,2,0,,,,,,,0.634615385,0.71474359,0.836538462,0.410714286,0.642857143,0.5,0.5,0.166666667,0,0,0.535714286,1
441,Lou Saban,1967,46,2,0,0,8,0,0,6,1,,,,,,,0.616300366,0.714438339,0.683608059,0.285714286,0.142857143,0.071428571,0.357142857,0,0,0,0.285714286,2
442,Lou Saban,1972,51,3,0,0,8,0,0,11,1,,,,,,,0.513133533,0.527117882,0.570755911,0.160714286,0,0.06,0.28,0.125,0,0,0.482142857,2
443,Lovie Smith,2004,46,0,13,0,0,5,3,0,0,,,,0.687455197,0.524731183,0.685304659,,,,0.34375,0.225806452,0.225806452,0.14516129,0.333333333,0,0,0.5,3
444,Lovie Smith,2014,56,1,13,0,0,5,3,9,0,,,,0.687455197,0.524731183,0.685304659,0.283154122,0.559139785,0.637992832,0.34375,0.725806452,0.306451613,0.209677419,0,0,0,0.25,0
445,Luby DiMeolo,1934,31,0,0,0,0,0,0,0,0,,,,,,,,,,0.363636364,0,0,0.111111111,0,0,0,0.166666667,0
446,Lud Wray,1932,38,0,0,0,1,0,0,0,0,,,,,,,,,,,,,,,0,0,0.444444444,0
447,Lud Wray,1933,39,1,0,0,1,0,0,1,0,,,,,,,0.142857143,0.428571429,0,,,,,,0,0,0.376262626,1
448,Luke Johnsos,1942,37,0,0,0,0,0,0,0,0,,,,,,,,,,0.818181818,0.944444444,0.944444444,0.944444444,1,1,1.5,0.925,1
449,Mac Speedie,1964,44,0,0,0,0,4,0,0,0,,,,,,,,,,0.339285714,0.071428571,0.214285714,0.357142857,0.333333333,0,0,0.267857143,1
450,Mal Stevens,1946,46,0,1,0,13,0,0,0,0,,,,,,,,,,,,,,,,,0.25,0
451,Marc Trestman,2013,57,0,2,2,0,8,8,0,0,0.543695155,0.528510588,0.527912701,,,,,,,0.5625,0.822580645,0.677419355,0.35483871,0.333333333,0,0,0.40625,0
452,Marion Campbell,1975,46,0,0,0,0,7,6,0,0,,,,0.631111111,0.564444444,0.633333333,,,,0.428571429,0.34,0.36,0.38,0.333333333,0,0,0.242857143,0
453,Marion Campbell,1983,54,1,0,0,0,7,12,2,1,,,,0.670493827,0.671111111,0.64691358,0.138518519,0.275555556,0.325185185,0.479166667,0.777777778,0.777777778,0.62962963,0.375,0.5,0,0.359375,1
454,Marion Campbell,1987,58,2,0,0,0,7,13,5,1,,,,0.678746439,0.682165242,0.637037037,0.225777778,0.273185185,0.293037037,0.359375,0.648148148,0.240740741,0.407407407,0.166666667,0,0,0.25625,1
455,Marty Brill,1931,25,0,0,0,0,0,0,0,0,,,,,,,,,,0.475,1,0.518181818,1,0.522727273,,,0.5,0
456,Marty Feldman,1961,39,0,4,0,1,1,0,0,0,,,,,,,,,,0.428571429,0.285714286,0.142857143,0.285714286,0.333333333,0,0,0.083333333,0
457,Marty Mornhinweg,2001,39,0,5,3,0,2,4,0,0,0.805172414,0.731609195,0.737068966,,,,,,,0.53125,0.816666667,0.45,0.266666667,0.375,0.5,0,0.15625,0
458,Marty Schottenheimer,1985,42,0,0,0,0,4,6,0,0,,,,0.512345679,0.462962963,0.432098765,,,,0.4375,0.351851852,0.444444444,0.722222222,0.5,0,0,0.625,1
459,Marty Schottenheimer,1989,46,1,0,0,0,4,6,4,0,,,,0.512345679,0.462962963,0.432098765,0.657407407,0.703703704,0.518518519,0.273958333,0.259259259,0.166666667,0.203703704,0,0,0,0.609375,3
460,Marty Schottenheimer,2001,58,2,0,0,0,4,6,14,0,,,,0.512345679,0.462962963,0.432098765,0.656540777,0.717478562,0.724137931,0.5625,0.7,0.633333333,0.75,0.75,0.5,0.5,0.5,0
461,Marty Schottenheimer,2002,59,3,0,0,0,4,6,15,0,,,,0.512345679,0.462962963,0.432098765,0.63054917,0.694091103,0.720306513,0.1875,0.3,0.35,0.533333333,0,0,0,0.375,2
462,Marv Levy,1978,53,0,0,0,11,4,0,0,0,,,,,,,,,,0.25,0.685185185,0.148148148,0.166666667,0.125,0,0,0.34375,2
463,Marv Levy,1986,61,1,0,0,11,4,0,5,1,,,,,,,0.266666667,0.4,0.748148148,0.125,0.148148148,0.018518519,0.111111111,0,0,0,0.376190476,3
464,Marvin Lewis,2003,45,0,11,0,0,4,7,0,0,,,,0.602749086,0.579098469,0.464473754,,,,0.25,0.148924731,0.1,0.475806452,0,0,0,0.5,3
467,Matt Patricia,2018,44,0,2,0,0,6,6,0,0,,,,0.440860215,0.801075269,0.564516129,,,,0.5625,0.629032258,0.483870968,0.338709677,0.666666667,0.5,0,0.296875,1
468,Max Hicks,1921,29,0,0,0,0,0,0,0,0,,,,,,,,,,0.285714286,1,0.076923077,1,0.230769231,,,0.3,0
469,Mel Doherty,1921,25,0,0,0,0,0,0,0,0,,,,,,,,,,,,,,,,,0.25,0
470,Mel Hein,1947,38,0,0,0,2,0,0,0,0,,,,,,,,,,0.571428571,0.428571429,0.571428571,0.571428571,0.333333333,,,0.666666667,0
471,Mel Tucker,2011,39,0,5,1,0,3,3,0,0,,,,0.204301075,0.311827957,0.47311828,,,,0.46875,0.322580645,0.241935484,0.306451613,0.333333333,0,0,0.4,0
472,Mike Ditka,1982,43,0,0,0,0,9,0,0,0,,,,,,,,,,0.40625,0.37037037,0.388888889,0.296296296,0.25,0,0,0.416666667,3
473,Mike Ditka,1997,58,1,0,0,0,9,0,11,0,,,,,,,0.740740741,0.666666667,0.535353535,0.3125,0.431034483,0.206896552,0.224137931,0,0,0,0.375,1
474,Mike Getto,1942,37,0,12,0,0,0,0,0,0,,,,,,,,,,0.681818182,0.666666667,0.666666667,0.611111111,0.75,,,0.272727273,0
475,Mike Holmgren,1992,44,0,4,1,0,3,3,0,0,0.962962963,0.888888889,0.716049383,,,,,,,0.3125,0.111111111,0.222222222,0.222222222,0.25,0,0,0.5625,2
476,Mike Holmgren,1999,51,1,4,1,0,3,3,7,0,0.962962963,0.888888889,0.716049383,,,,0.761357417,0.824484583,0.50063857,0.5,0.586206897,0.620689655,0.482758621,0.5,0,0,0.46875,3
477,Mike Holovak,1961,42,0,2,0,9,1,0,0,0,,,,,,,,,,0.208333333,0.303030303,0.041666667,0,0.1,0,0,0.755952381,3
478,Mike Holovak,1976,57,1,2,0,9,5,0,8,1,,,,,,,0.71043956,0.723214286,0.696932234,0.357142857,0.18,0.22,0.22,0.25,0,0,0,0
479,Mike Martz,2000,49,0,3,5,0,5,1,0,0,1,1,0.6,,,,,,,0.53125,0.418390805,0.586206897,0.637931034,0.5,0.5,1.5,0.75,2
480,Mike McCarthy,2006,43,0,1,0,0,7,6,0,0,0.507526882,0.57688172,0.483870968,,,,,,,0.4375,0.096774194,0.532258065,0.806451613,0.5,0.5,0,0.65625,3
481,Mike McCormack,1973,43,0,0,0,0,7,0,0,0,,,,,,,,,,0.321428571,0.5,0.16,0.12,0.25,0,0,0.446428571,1
482,Mike McCormack,1980,50,1,0,0,0,11,0,3,1,,,,,,,0.306666667,0.386666667,0.72,0.3125,0.314814815,0.092592593,0.203703704,0,0,0,0.28125,0
483,Mike McCormack,1982,52,2,0,0,0,11,0,5,1,,,,,,,0.265481481,0.313481481,0.565333333,0.3125,0.574074074,0.185185185,0.259259259,0,0,0,0.571428571,0
484,Mike McCoy,2013,41,0,0,0,0,9,4,0,0,0.588709677,0.5,0.516129032,,,,,,,0.46875,0.403225806,0.596774194,0.532258065,0.666666667,0,0,0.5625,1
485,Mike Mularkey,2004,43,0,1,0,0,7,3,0,0,0.708960573,0.664516129,0.56953405,,,,,,,0.4375,0.080645161,0.387096774,0.548387097,0.166666667,0,0,0.4375,0
486,Mike Mularkey,2012,51,1,1,0,0,8,8,2,1,0.636827957,0.636290323,0.693413978,,,,0.387096774,0.5,0.709677419,0.40625,0.387096774,0.225806452,0.193548387,0.5,0,0,0.125,0
487,Mike Mularkey,2016,55,2,1,0,0,10,8,3,1,0.636827957,0.636290323,0.693413978,,,,0.258064516,0.344086022,0.591397849,0.15625,0.096774194,0.048387097,0.161290323,0,0,0,0.5625,0
488,Mike Munchak,2011,51,0,0,0,0,17,0,0,0,,,,,,,,,,0.4375,0.387096774,0.435483871,0.225806452,0.166666667,0,0,0.46875,1
489,Mike Nixon,1959,48,0,0,0,0,9,0,0,0,,,,,,,,,,0.416666667,0.545454545,0.5,0.272727273,0.4,0,0,0.208333333,0
490,Mike Nixon,1965,54,1,0,0,0,13,0,2,1,,,,,,,0,0.041666667,0.303030303,0.482142857,0.5,0.346153846,0.384615385,0.333333333,0,0,0.142857143,0
491,Mike Nolan,2005,46,0,5,0,0,7,11,0,0,,,,0.545567653,0.606440752,0.672156867,,,,0.28125,0.467741935,0.306451613,0.451612903,0.166666667,0,0,0.34375,1
492,Mike Palm,1933,34,0,0,0,0,0,0,0,0,,,,,,,,,,,,,,,,,0.5,0
493,Mike Pettine,2014,48,0,0,0,0,4,5,0,0,,,,0.858064516,0.6,0.741935484,,,,0.28125,0.435483871,0.209677419,0.322580645,0,0,0,0.3125,0
494,Mike Riley,1999,46,0,5,6,2,0,0,0,0,,,,,,,,,,0.28125,0.086206897,0.068965517,0.379310345,0,0,0,0.28125,1
495,Mike Shanahan,1988,36,0,1,6,0,1,3,0,0,0.703703704,0.814814815,0.728395062,,,,,,,0.416666667,0.296296296,0.5,0.87037037,0.25,0,0,0.34375,0
496,Mike Shanahan,1995,43,1,1,6,0,2,7,2,1,0.80952381,0.862433862,0.777777778,,,,0.351851852,0.462962963,0.518518519,0.5,0.425925926,0.592592593,0.518518519,0.375,0.5,0,0.65625,3
497,Mike Shanahan,2010,58,2,1,6,0,2,7,16,1,0.80952381,0.862433862,0.777777778,,,,0.759482501,0.66675756,0.540250484,0.375,0.306451613,0.290322581,0.548387097,0,0,0,0.34375,1
498,Mike Sherman,2000,46,0,13,1,0,2,1,0,0,0.266666667,0.633333333,0.4,,,,,,,0.59375,0.401149425,0.663218391,0.698275862,0.5,0.5,0,0.65625,2
499,Mike Singletary,2009,51,0,0,0,0,6,0,0,0,,,,,,,,,,0.375,0.048387097,0.193548387,0.14516129,0.5,0,0,0.416666667,0
500,Mike Smith,2008,49,0,5,11,0,4,5,0,0,,,,0.793548387,0.741935484,0.490322581,,,,0.34375,0.741935484,0.209677419,0.338709677,0.166666667,0,0,0.625,2
501,Mike Tice,2001,42,0,0,0,0,5,0,0,0,,,,,,,,,,0.65625,0.15,0.633333333,0.566666667,0.875,1,1,0.1875,2
502,Mike Tomlin,2007,35,0,5,0,0,5,1,0,0,,,,0.774193548,0.580645161,0.935483871,,,,0.59375,0.451612903,0.774193548,0.870967742,0.5,0.5,2,0.6875,3
504,Mike White,1995,59,0,6,8,14,7,0,0,0,,,,,,,,,,0.59375,0.296296296,0.425925926,0.592592593,0.625,0.5,0.5,0.46875,0
506,Milan Creighton,1935,27,0,0,0,0,0,0,0,0,,,,,,,,,,0.295454545,0.411111111,0.366666667,0.361111111,0.2,0,0,0.4375,1
507,Monte Clark,1976,39,0,0,0,0,5,1,0,0,0.6,0.92,0.64,,,,,,,0.392857143,0.22,0.46,0.52,0.666666667,0,0,0.571428571,0
508,Monte Clark,1978,41,1,0,0,0,5,1,1,0,0.6,0.92,0.64,,,,0.592592593,0.666666667,0.222222222,0.428571429,0.703703704,0.444444444,0.481481481,0.416666667,0,0,0.28125,2
509,Ned Mathews,1946,28,0,0,0,0,0,0,0,0,,,,,,,,,,,,,,,,,0.5,0
510,Neill Armstrong,1978,52,0,0,0,0,3,7,0,0,,,,0.777777778,0.845502646,0.643809524,,,,0.571428571,0.740740741,0.481481481,0.574074074,0.708333333,0.5,0,0.53125,1
511,Nelson Talbot,1920,28,0,0,0,0,0,0,0,0,,,,,,,,,,,,,,,,,0.583333333,0
512,Nick Saban,2005,54,0,8,5,11,2,4,0,0,,,,0.564814815,0.648148148,0.481481481,,,,0.4375,0.403225806,0.419354839,0.322580645,0.333333333,0,0,0.46875,0
513,Nick Skorich,1961,40,0,0,0,1,7,0,0,0,,,,,,,,,,0.708333333,0.912878788,0.598484848,0.435606061,0.9,0.5,0.5,0.482142857,1
514,Nick Skorich,1971,50,1,0,0,1,11,3,3,1,0.808888889,0.751111111,0.586666667,,,,0.358974359,0.384615385,0.153846154,0.625,0.453333333,0.646666667,0.52,0.833333333,0.5,0.5,0.678571429,1
515,Norb Hecker,1966,39,0,0,0,0,7,0,0,0,,,,,,,,,,,,,,,0,0,0.160714286,1
516,Norm Barry,1925,28,0,0,0,0,0,0,0,0,,,,,,,,,,0.608333333,1,0.767801858,1,0.6625387,0,0,0.639880952,0
517,Norm Van Brocklin,1961,35,0,0,0,0,0,0,0,0,,,,,,,,,,,,,,,0,0,0.196428571,2
518,Norm Van Brocklin,1968,42,1,0,0,0,0,0,6,0,,,,,,,0.450549451,0.340659341,0.421245421,0.160714286,0.14047619,0.035714286,0,0.071428571,0,0,0.305194805,2
519,Norv Turner,1994,42,0,8,1,0,6,3,0,0,0.827160494,0.901234568,0.87654321,,,,,,,0.40625,0.722222222,0.37037037,0.351851852,0.25,0.5,0.5,0.28125,2
520,Norv Turner,2004,52,1,8,1,0,6,6,7,1,0.65909996,0.733233771,0.623576264,,,,0.451103813,0.457909141,0.559970808,0.46875,0.661290323,0.564516129,0.516129032,0.666666667,0.5,1,0.28125,0
521,Norv Turner,2007,55,2,8,1,0,6,7,9,1,0.592592593,0.665352449,0.575968595,,,,0.390285045,0.38124116,0.496464751,0.71875,0.580645161,0.903225806,0.903225806,0.666666667,0.5,0,0.59375,2
522,Ollie Kraehe,1923,25,0,0,0,0,0,0,0,0,,,,,,,,,,,,,,,,,0.285714286,0
523,Otto Graham,1966,45,0,0,0,7,0,0,0,0,,,,,,,,,,0.428571429,0.769230769,0.384615385,0.384615385,0.583333333,0,0,0.482142857,1
524,Paddy Driscoll,1920,25,0,0,0,0,0,0,0,0,,,,,,,,,,,,,,,0,0,0.6,1
525,Paddy Driscoll,1956,61,1,0,0,4,0,0,3,1,,,,,,,1,0.536199095,1,0.666666667,0.272727273,0.636363636,0.590909091,0.8,0,0,0.604166667,0
526,Pat Boland,1946,40,0,7,0,0,0,0,0,0,,,,,,,,,,,,,,,,,0.416666667,0
527,Pat Peppler,1976,54,0,0,0,0,0,0,0,0,,,,,,,,,,0.25,0.14,0.22,0.12,0.166666667,0,0,0.333333333,0
528,Pat Shurmur,2011,46,0,9,0,0,10,2,0,0,0.14516129,0.096774194,0.467741935,,,,,,,0.3125,0.322580645,0.225806452,0.064516129,0.166666667,0,0,0.28125,0
529,Pat Shurmur,2015,50,1,9,0,0,10,4,2,1,0.532258065,0.508064516,0.459677419,,,,0.112903226,0.209677419,0.629032258,0.625,0.548387097,0.758064516,0.693548387,0.833333333,0.5,0,1,0
530,Pat Shurmur,2018,53,2,9,0,0,11,5,3,1,0.561290323,0.548387097,0.55483871,,,,0.139784946,0.268817204,0.52688172,0.4375,0.370967742,0.338709677,0.177419355,0.333333333,0.5,0,0.28125,0
531,Paul Brown,1946,38,0,0,0,3,0,0,0,0,,,,,,,,,,,,,,,0,0,0.875,3
532,Paul Brown,1968,60,1,0,0,3,0,0,17,0,,,,,,,0.819724393,0.901990167,0.841075591,,,,,,0,0,0.267857143,3
533,Paul Schissler,1933,40,0,0,0,14,0,0,0,0,,,,,,,,,,0.427777778,1,0.420634921,0.785714286,0.476190476,0,0,0.295454545,0
534,Paul Schissler,1935,42,1,0,0,14,0,0,2,0,,,,,,,0.361111111,0.366666667,0.411111111,0.456818182,0.322222222,0.483333333,0.383333333,0.625,,,0.375,0
535,Paul Wiggin,1975,41,0,0,0,0,6,1,0,0,,,,0.56,0.6,0.88,,,,0.464285714,0.8,0.44,0.38,0.5,0,0,0.357142857,1
536,Perry Fewell,2009,47,0,11,0,0,8,3,0,0,,,,0.35483871,0.580645161,0.430107527,,,,0.4375,0.5,0.306451613,0.14516129,0.333333333,0,0,0.428571429,0
537,Pete Carroll,1994,43,0,2,4,0,6,4,0,0,,,,0.490740741,0.564814815,0.703703704,,,,0.375,0.648148148,0.351851852,0.592592593,0.375,0,0,0.375,0
538,Pete Carroll,1997,46,1,2,4,0,6,6,1,1,,,,0.626011069,0.686888037,0.704767986,0.111111111,0.259259259,0.851851852,0.53125,0.482758621,0.517241379,0.5,0.625,0.5,1,0.59375,1
539,Pete Carroll,2010,59,2,2,4,9,6,6,4,1,,,,0.626011069,0.686888037,0.704767986,0.45335249,0.543263091,0.75146871,0.28125,0.209677419,0.193548387,0.14516129,0.333333333,0,0,0.4375,3
540,Pete Cawthon,1943,45,0,1,0,16,0,0,0,0,,,,,,,,,,0.454545455,0.388888889,0.5,0.555555556,0.5,,,0.1,0
541,Pete Henry,1926,29,0,0,0,0,0,0,0,0,,,,,,,,,,0.5,1,0.473684211,1,0.473684211,,,0.192307692,0
542,Pete Henry,1928,31,1,0,0,0,0,0,1,0,,,,,,,1,0.238095238,1,0.585164835,1,0.543290043,1,0.634199134,,,0.2,0
543,Pete McCulley,1978,47,0,13,0,0,5,0,0,0,,,,,,,,,,0.464285714,0.240740741,0.5,0.592592593,0.541666667,0,0,0.111111111,0
544,Pete Stinchcomb,1923,28,0,0,0,0,0,0,0,0,,,,,,,,,,0.055555556,1,0.133823529,1,0.188235294,,,0.5,0
545,Phil Bengtson,1968,55,0,12,0,0,0,10,0,0,,,,0.784665335,0.827983683,0.723140193,,,,0.767857143,0.830952381,0.897619048,0.826190476,1,1,2.5,0.517857143,1
546,Phil Bengtson,1972,59,1,12,0,0,0,11,3,1,,,,0.72060485,0.76362153,0.682854721,0.506666667,0.52,0.284444444,0.285714286,0.2,0.08,0.1,0.25,0,0,0.2,0
547,Phil Handler,1943,35,0,0,0,0,0,0,0,0,,,,,,,,,,0.295454545,0.388888889,0.277777778,0.5,0.25,0,0,0,1
548,Phil Handler,1949,41,1,0,0,0,3,0,3,1,,,,,,,0.288888889,0.181481481,0.144444444,0.833333333,0.888888889,0.833333333,0.666666667,1,1,0.5,0.333333333,0
549,Phil Handler,1951,43,2,0,0,0,4,0,4,1,,,,,,,0.3,0.302777778,0.330555556,0.479166667,0.694444444,0.5,0.291666667,0.35,0,0,0.5,0
550,Pop Ivy,1958,42,0,0,0,0,0,0,0,0,,,,,,,,,,0.416666667,0.590909091,0.363636364,0.272727273,0.4,0,0,0.1875,0
551,Pop Ivy,1960,44,1,0,0,0,0,0,2,0,,,,,,,0.090909091,0.090909091,0,0.416666667,0.227272727,0.454545455,0.818181818,0.4,0,0,0.479166667,0
552,Pop Ivy,1962,46,2,0,0,0,0,0,4,0,,,,,,,0.333916084,0.36756993,0.27724359,0.732142857,0.785714286,0.928571429,0.714285714,1,1,1,0.607142857,0
553,Potsy Clark,1931,37,0,0,0,9,0,0,0,0,,,,,,,,,,0.464285714,1,0.6,1,0.4,0,0,0.726190476,2
554,Potsy Clark,1937,43,1,0,0,9,0,0,6,0,,,,,,,0.846428571,0.780621693,0.709325397,0.375,0.6875,0.375,0.125,0.5,,,0.409090909,1
555,Potsy Clark,1940,46,2,0,0,9,0,0,9,0,,,,,,,0.650705467,0.582142857,0.658068783,0.590909091,0.5,0.555555556,0.611111111,0.625,0,0,0.5,0
556,Punk Berryman,1924,31,0,0,0,2,0,0,0,0,,,,,,,,,,,,,,,,,0.821428571,0
557,Punk Berryman,1926,33,1,0,0,2,0,0,1,1,,,,,,,1,0.941176471,1,,,,,,,,0.272727273,0
558,Raheem Morris,2009,33,0,3,1,0,3,0,0,0,,,,,,,,,,0.5625,0.790322581,0.64516129,0.774193548,0.666666667,0.5,0,0.40625,1
559,Ralph Jones,1930,50,0,0,0,10,0,0,0,0,,,,,,,,,,0.455128205,1,0.525252525,1,0.414141414,0,0,0.646978022,1
560,Ralph Scott,1927,33,0,0,0,0,0,0,0,0,,,,,,,,,,,,,,,,,0.46875,0
561,Ray Flaherty,1936,33,0,0,0,1,0,0,0,0,,,,,,,,,,0.363636364,0.2125,0.375,0.45,0.5,0,0,0.65530303,2
562,Ray Flaherty,1946,43,1,0,0,1,0,0,7,0,,,,,,,0.837301587,0.771825397,0.424603175,,,,,,0,0,0.785714286,1
563,Ray Flaherty,1949,46,2,0,0,1,0,0,10,0,,,,,,,0.771825397,0.740277778,0.425793651,0.071428571,0,0.071428571,0.071428571,0,,,0.333333333,0
564,Ray Handley,1991,47,0,5,0,0,7,0,0,0,,,,,,,,,,0.78125,0.833333333,0.925925926,0.722222222,1,1,1.5,0.4375,0
565,Ray Malavasi,1966,36,0,0,0,0,3,0,0,0,,,,,,,,,,0.232142857,0.642857143,0.071428571,0.357142857,0,0,0,0.333333333,0
566,Ray Malavasi,1978,48,1,0,0,0,7,5,1,1,,,,0.931555556,0.953777778,0.668148148,0,0,0,0.732142857,0.888888889,0.962962963,0.962962963,1,1,0.5,0.65625,2
567,Ray McLean,1953,38,0,0,0,3,2,0,0,0,,,,,,,,,,0.375,0.090909091,0.272727273,0.363636364,0.3,0,0,0,0
568,Ray McLean,1958,43,1,0,0,3,6,0,1,1,,,,,,,0.272727273,0.181818182,0.454545455,0.291666667,0.545454545,0.045454545,0,0.1,0,0,0.125,0
569,Ray Perkins,1979,38,0,0,0,0,4,1,0,0,0.888888889,0.814814815,0.074074074,,,,,,,0.366071429,0.555555556,0.240740741,0.166666667,0,0,0,0.3125,1
570,Ray Perkins,1987,46,1,0,0,4,4,1,4,1,0.888888889,0.814814815,0.074074074,,,,0.185185185,0.333333333,0.472222222,0.125,0.185185185,0.037037037,0.018518519,0,0,0,0.289583333,1
571,Ray Prochaska,1961,42,0,0,0,0,1,0,0,0,,,,,,,,,,0.270833333,0.378787879,0.257575758,0.492424242,0.083333333,0,0,1,0
572,Ray Rhodes,1995,45,0,0,0,0,9,3,0,0,,,,0.62962963,0.666666667,0.716049383,,,,0.46875,0.685185185,0.462962963,0.537037037,0.375,0,0,0.625,1
573,Ray Rhodes,1999,49,1,0,0,0,9,3,4,0,,,,0.62962963,0.666666667,0.716049383,0.603448276,0.336206897,0.362068966,0.75,0.25862069,0.862068966,0.862068966,0.875,1,1,0.5,0
574,Ray Richards,1955,49,0,11,0,2,4,0,0,0,,,,,,,,,,0.145833333,0.136363636,0.090909091,0.090909091,0,0,0,0.479166667,1
575,Ray Willsey,1961,33,0,0,0,0,1,0,0,0,,,,,,,,,,0.270833333,0.378787879,0.257575758,0.492424242,0.083333333,0,0,1,0
576,Raymond Berry,1984,51,0,3,0,0,11,0,0,0,,,,,,,,,,0.527777778,0.666666667,0.444444444,0.351851852,0.625,0.5,0,0.59375,2
577,Red Dawson,1946,40,0,8,0,6,0,0,0,0,,,,,,,,,,,,,,,0,0,0.446428571,1
578,Red Hickey,1959,42,0,0,0,0,6,0,0,0,,,,,,,,,,0.583333333,0.409090909,0.363636364,0.409090909,0.7,0.5,0,0.583333333,2
579,Red Miller,1977,50,0,0,0,0,15,0,0,0,,,,,,,,,,0.535714286,0.336296296,0.57037037,0.637777778,0.708333333,0,0,0.741071429,1
580,Red Strader,1948,44,0,0,0,6,2,0,0,0,,,,,,,,,,0.785714286,0.285714286,0.785714286,0.785714286,1,1,0,0.583333333,0
581,Red Strader,1949,45,1,0,0,6,2,0,1,0,,,,,,,0.285714286,0.428571429,0.714285714,,,,,,,,0.625,0
582,Red Strader,1955,51,2,0,0,6,2,0,3,0,,,,,,,0.373015873,0.568783069,0.71031746,0.6875,0.772727273,0.772727273,0.727272727,0.7,0,0,0.333333333,0
583,Red Weaver,1924,27,0,0,0,1,0,0,0,0,,,,,,,,,,0.275,1,0.50619195,1,0.404024768,,,0.25,0
584,Rex Ryan,2009,47,0,2,8,0,8,4,0,0,,,,0.919354839,0.741935484,0.629032258,,,,0.40625,0.403225806,0.483870968,0.35483871,0.333333333,0,0,0.625,2
586,Rich Brooks,1995,54,0,7,1,18,4,0,0,0,,,,,,,,,,0.28125,0.148148148,0.092592593,0.259259259,0,0,0,0.40625,0
587,Rich Kotite,1991,49,0,0,0,0,8,6,0,0,0.617283951,0.62345679,0.666666667,,,,,,,0.65625,0.87037037,0.722222222,0.796296296,0.75,1,0,0.65625,1
588,Rich Kotite,1995,53,1,0,0,0,8,6,4,0,0.617283951,0.62345679,0.666666667,,,,0.657407407,0.62037037,0.740740741,0.4375,0.814814815,0.425925926,0.462962963,0.25,0,0,0.125,0
589,Richard Williamson,1990,49,0,0,0,6,7,0,0,0,,,,,,,,,,0.3125,0.259259259,0.12962963,0.37037037,0.25,0,0,0.260416667,0
590,Richie Petitbon,1993,55,0,0,0,0,6,12,0,0,,,,0.62037037,0.645061728,0.601851852,,,,0.71875,0.962962963,0.796296296,0.851851852,0.75,1,2,0.25,0
591,Rick Forzano,1974,46,0,0,0,6,4,0,0,0,,,,,,,,,,0.535714286,0.6,0.58,0.5,0.666666667,0,0,0.5,1
592,Rick Venturi,1996,50,0,1,0,3,9,5,0,0,,,,0.196934866,0.202298851,0.286845466,,,,0.4375,0.637292465,0.283524904,0.376117497,0.333333333,0,0,0.125,0
593,Rob Chudzinski,2013,45,0,5,3,0,4,5,0,0,0.477419355,0.464516129,0.509677419,,,,,,,0.28125,0.629032258,0.209677419,0.112903226,0,0,0,0.25,0
594,Rod Dowhower,1985,42,0,0,3,1,1,5,0,0,0.488888889,0.548148148,0.392592593,,,,,,,0.34375,0.462962963,0.111111111,0.12962963,0.25,0,0,0.15625,0
595,Rod Marinelli,2006,57,0,20,0,0,10,0,0,0,,,,,,,,,,0.34375,0.580645161,0.258064516,0.14516129,0.333333333,0,0,0.3125,1
596,Rod Rust,1990,62,0,0,0,6,2,12,0,0,,,,0.515432099,0.574074074,0.570987654,,,,0.4375,0.277777778,0.314814815,0.333333333,0.375,0,0,0.0625,0
597,Romeo Crennel,2005,58,0,7,0,0,19,5,0,0,,,,0.447741935,0.683655914,0.72344086,,,,0.28125,0.161290323,0.161290323,0.177419355,0,0,0,0.3125,1
598,Romeo Crennel,2012,65,1,7,0,0,19,7,4,1,,,,0.499539171,0.677265745,0.64577573,0.153225806,0.282258065,0.379032258,0.53125,0.661290323,0.35483871,0.532258065,0.5,0.5,0,0.125,0
599,Ron Erhardt,1979,47,0,0,0,7,4,2,0,0,0.814814815,0.796296296,0.333333333,,,,,,,0.665178571,0.333333333,0.796296296,0.907407407,0.75,0.5,0,0.59375,1
600,Ron Meyer,1982,41,0,0,0,9,0,0,0,0,,,,,,,,,,0.375,0.277777778,0.592592593,0.574074074,0.375,0,0,0.527777778,1
601,Ron Meyer,1986,45,1,0,0,9,0,0,3,0,,,,,,,0.444444444,0.49382716,0.567901235,0.28125,0.407407407,0.166666667,0.148148148,0.25,0,0,0.8,2
602,Ron Rivera,2011,49,0,0,0,0,8,6,0,0,,,,0.655913978,0.747311828,0.591397849,,,,0.3125,0.5,0.241935484,0.290322581,0.166666667,0,0,0.40625,3
603,Ron Waller,1973,40,0,0,0,0,1,0,0,0,,,,,,,,,,0.375,0.14,0.34,0.62,0.166666667,0,0,0.166666667,0
604,Roy Andrews,1924,28,0,0,0,0,0,0,0,0,,,,,,,,,,,,,,,,,0.267361111,1
605,Roy Andrews,1927,31,1,0,0,0,0,0,3,0,,,,,,,1,0.460612315,1,0.392857143,1,0.368421053,1,0.421052632,,,0.701923077,0
606,Roy Andrews,1928,32,2,0,0,0,0,0,4,0,,,,,,,1,0.572731964,1,,,,,,,,0.825,0
607,Roy Andrews,1929,33,3,0,0,0,0,0,5,0,,,,,,,1,0.658185571,1,0.634615385,1,0.722222222,1,0.722222222,0,0,0.816666667,0
608,Roy Andrews,1931,35,4,0,0,0,0,0,7,0,,,,,,,1,0.755846836,1,0.480769231,1,0.659090909,1,0.563636364,0,0,0,0
609,Rube Ursella,1920,30,0,0,0,0,0,0,0,0,,,,,,,,,,,,,,,,,0.475,0
610,Rube Ursella,1921,31,1,0,0,0,0,0,1,0,,,,,,,1,0.923076923,1,,,,,,,,0.25,0
611,Rube Ursella,1925,35,2,0,0,0,0,0,2,0,,,,,,,1,0.686538462,1,0.552083333,1,0.66873065,1,0.592879257,,,0.590909091,0
612,Russ Daugherty,1927,25,0,0,0,0,0,0,0,0,,,,,,,,,,0.766176471,1,0.789473684,1,0.868421053,,,0.5,0
613,Russell Tollefson,1922,31,0,0,0,3,0,0,0,0,,,,,,,,,,0.25,1,0.45,1,0.4,,,0.25,0
614,Sam Rutigliano,1978,46,0,3,0,0,11,0,0,0,,,,,,,,,,0.535714286,0.166666667,0.444444444,0.666666667,0.166666667,0,0,0.53125,2
615,Sam Wyche,1984,39,0,0,0,1,4,0,0,0,,,,,,,,,,0.607638889,0.759259259,0.722222222,0.888888889,0.666666667,0.5,0,0.46875,3
616,Sam Wyche,1992,47,1,0,0,1,4,0,8,0,,,,,,,0.657407407,0.518518519,0.49537037,0.28125,0.314814815,0.092592593,0.074074074,0.375,0,0,0.3125,1
617,Sammy Baugh,1960,46,0,0,0,5,0,0,0,0,,,,,,,,,,,,,,,0,0,0.5,0
618,Sammy Baugh,1964,50,1,0,0,5,0,0,2,1,,,,,,,0.428571429,0.357142857,0.214285714,0.607142857,0.428571429,0.571428571,0.571428571,0.666666667,0.5,0,0.285714286,0
619,Scott Linehan,2006,43,0,5,8,0,0,4,0,0,0.862903226,0.741935484,0.524193548,,,,,,,0.4375,0.064516129,0.290322581,0.548387097,0.666666667,0.5,0.5,0.34375,1
620,Scotty Bierce,1925,29,0,0,0,0,0,0,0,0,,,,,,,,,,0.196428571,1,0.222910217,1,0.252321981,,,0.625,0
623,Sean Payton,2006,43,0,5,2,0,6,3,0,0,0.724014337,0.396415771,0.670250896,,,,,,,0.34375,0.370967742,0.161290323,0.225806452,0.333333333,0,0,0.53125,2
624,Sean Payton,2013,50,1,5,2,0,6,3,6,1,0.724014337,0.396415771,0.670250896,,,,0.85483871,0.795698925,0.435483871,0.625,0.5,0.774193548,0.580645161,0.666666667,0.5,0.5,0.5625,3
625,Shorty Barr,1926,29,0,0,0,0,0,0,0,0,,,,,,,,,,0.55,1,0.529411765,1,0.647058824,,,0.333333333,0
626,Sid Gillman,1955,44,0,0,0,10,0,0,0,0,,,,,,,,,,0.625,0.409090909,0.636363636,0.863636364,0.5,0,0,0.520833333,2
627,Sid Gillman,1960,49,1,0,0,10,0,0,5,0,,,,,,,0.709090909,0.581818182,0.327272727,,,,,,0,0,0.785714286,3
628,Sid Gillman,1973,62,2,0,0,10,1,0,16,1,,,,,,,0.6995671,0.647562229,0.478135823,0.196428571,0.16,0.16,0.2,0.166666667,0,0,0.305555556,0
629,Stan Cofall,1920,26,0,0,0,0,0,0,0,0,,,,,,,,,,,,,,,,,0.166666667,0
630,Steve Mariucci,1997,42,0,5,7,1,4,0,0,0,,,,,,,,,,0.71875,0.844827586,0.965517241,0.948275862,0.875,1,0.5,0.78125,2
631,Steve Mariucci,2003,48,1,5,7,1,4,0,6,0,,,,,,,0.745865777,0.596162403,0.665813867,0.15625,0.161827957,0.065591398,0.082795699,0,0,0,0.34375,1
632,Steve Owen,1931,33,0,0,0,0,0,0,0,0,,,,,,,,,,0.832352941,1,1,1,0.904545455,0,0,0.476190476,3
633,Steve Spagnuolo,2009,50,0,6,7,0,8,2,0,0,,,,0.838709677,0.677419355,0.35483871,,,,0.15625,0.225806452,0.016129032,0.177419355,0,0,0,0.25,1
634,Steve Spurrier,2002,57,0,2,3,15,0,0,0,0,,,,,,,,,,0.5,0.583333333,0.433333333,0.55,0.625,0,0,0.375,0
635,Steve Wilks,2018,49,0,4,5,1,12,1,0,0,,,,0.806451613,0.677419355,0.516129032,,,,0.484375,0.387096774,0.532258065,0.774193548,0.5,0,0,0.1875,0
636,Swede Youngstrom,1927,30,0,0,0,0,2,0,0,0,,,,,,,,,,0.766176471,1,0.789473684,1,0.868421053,,,0.5,0
637,Tam Rose,1921,33,0,0,0,0,0,0,0,0,,,,,,,,,,,,,,,,,0,0
638,Ted Marchibroda,1975,44,0,0,0,0,10,4,0,0,0.5,0.75,0.76,,,,,,,0.214285714,0.24,0.12,0.26,0,0,0,0.75,2
639,Ted Marchibroda,1992,61,1,0,0,0,10,12,5,1,0.484567901,0.601851852,0.580493827,,,,0.534814815,0.560592593,0.681481481,0.25,0.240740741,0.092592593,0.018518519,0.25,0,0,0.40625,1
640,Ted Marchibroda,1996,65,2,0,0,0,10,12,9,1,0.484567901,0.601851852,0.580493827,,,,0.375734355,0.467109408,0.573719313,,,,,,0,0,0.328125,1
641,Ted Nesser,1920,37,0,0,0,0,0,0,0,0,,,,,,,,,,,,,,,,,0.205555556,0
642,Ted Shipkey,1947,43,0,0,0,11,1,0,0,0,,,,,,,,,,0.571428571,0.428571429,0.571428571,0.571428571,0.333333333,,,0.666666667,0
643,Terry Robiskie,2000,46,0,0,0,0,7,4,0,0,0.259259259,0.398148148,0.527777778,,,,,,,0.5,0.553448276,0.435057471,0.522988506,0.625,0.5,0.5,0.333333333,0
644,Terry Robiskie,2004,50,1,0,0,0,10,4,1,1,0.259259259,0.398148148,0.527777778,,,,0.833333333,0.5,0.5,0.4375,0.290322581,0.403225806,0.290322581,0.333333333,0.5,0,0.2,0
645,Tex Grigg,1925,34,0,0,0,0,0,0,0,0,,,,,,,,,,0,1,0,1,0.085139319,,,0.071428571,0
646,Todd Bowles,2015,52,0,0,3,0,15,2,0,0,,,,0.548387097,0.838709677,0.709677419,,,,0.375,0.080645161,0.193548387,0.403225806,0.333333333,0,0,0.46875,1
647,Todd Haley,2009,42,0,0,0,0,10,2,0,0,0.774193548,0.870967742,0.209677419,,,,,,,0.1875,0.451612903,0.14516129,0.209677419,0.166666667,0,0,0.4375,1
648,Tom Cable,2008,44,0,9,3,4,2,0,0,0,,,,,,,,,,0.1875,0.064516129,0.064516129,0.193548387,0,0,0,0.322916667,1
649,Tom Coughlin,1995,49,0,6,4,7,7,0,0,0,,,,,,,,,,,,,,,0,0,0.40625,3
650,Tom Coughlin,2004,58,1,6,4,7,7,0,8,0,,,,,,,0.54044772,0.577428624,0.639618094,0.4375,0.241935484,0.338709677,0.580645161,0.333333333,0.5,0,0.53125,3
651,Tom Fears,1967,45,0,0,0,0,7,1,0,0,0.071428571,0,0.142857143,,,,,,,,,,,,0,0,0.267857143,1
652,Tom Flores,1979,42,0,0,0,0,8,0,0,0,,,,,,,,,,0.674107143,0.685185185,0.814814815,0.777777778,0.75,0.5,0.5,0.625,3
653,Tom Flores,1992,55,1,0,0,0,8,0,9,0,,,,,,,0.66255144,0.637860082,0.390946502,0.5,0.203703704,0.518518519,0.444444444,0.375,0,0,0.25,1
654,Tom Landry,1960,36,0,0,0,0,0,6,0,0,,,,0.818181818,0.878787879,0.651515152,,,,,,,,,0,0,0.181547619,3
655,Tom Scott,1946,26,0,0,0,0,0,0,0,0,,,,,,,,,,,,,,,,,1,0
656,Tommy Hudspeth,1976,45,0,0,0,10,0,0,0,0,,,,,,,,,,0.5,0.7,0.46,0.32,0.666666667,0,0,0.464285714,0
657,Tommy Hughitt,1920,28,0,0,0,2,0,0,0,0,,,,,,,,,,,,,,,,,0.848484848,2
658,Tommy Prothro,1971,51,0,0,0,16,0,0,0,0,,,,,,,,,,0.732142857,0.86,0.893333333,0.726666667,0.833333333,0.5,0,0.535714286,0
659,Tommy Prothro,1974,54,1,0,0,16,0,0,2,0,,,,,,,0.66,0.54,0.5,0.25,0.04,0.14,0.42,0,0,0,0.25,2
660,Tony Dungy,1996,41,0,1,0,0,5,9,0,0,,,,0.614445863,0.468284376,0.679296154,,,,0.40625,0.358876117,0.106002554,0.092592593,0,0,0,0.5,2
661,Tony Dungy,2002,47,1,1,0,0,5,9,6,0,,,,0.614445863,0.468284376,0.679296154,0.446360153,0.596743295,0.601340996,0.5,0.2,0.533333333,0.716666667,0.5,0.5,0,0.6875,2
662,Tony Sparano,2008,47,0,6,4,5,9,0,0,0,,,,,,,,,,0.21875,0.467741935,0.225806452,0.403225806,0,0,0,0.5625,1
663,Turk Edwards,1946,39,0,0,0,0,5,0,0,0,,,,,,,,,,0.725,0.588888889,0.638888889,0.85,0.75,0.5,0,0.416666667,1
664,Tut Imlay,1926,24,0,0,0,0,0,0,0,0,,,,,,,,,,,,,,,,,0.65,0
665,Untz Brewer,1922,28,0,0,0,0,0,0,0,0,,,,,,,,,,0.785984848,1,0.898076923,1,0.95,,,0.4,0
666,Vance Joseph,2017,45,0,3,0,0,10,1,0,0,,,,0.096774194,0.451612903,0.677419355,,,,0.65625,0.516129032,0.725806452,0.758064516,0.666666667,0.5,1.5,0.34375,0
668,Vince Lombardi,1959,46,0,0,0,0,0,5,0,0,0.418181818,0.581818182,0.781818182,,,,,,,0.1875,0.409090909,0.045454545,0,0,0,0,0.625,3
669,Vince Lombardi,1969,56,1,0,0,0,0,5,9,0,0.418181818,0.581818182,0.781818182,,,,0.763434713,0.864648315,0.821926222,0.410714286,0.566666667,0.366666667,0.2,0.333333333,0,0,0.571428571,0
670,Vince Tobin,1996,53,0,0,6,0,0,7,0,0,,,,0.735449735,0.687830688,0.555555556,,,,0.375,0.611749681,0.220945083,0.385057471,0.25,0,0,0.34375,2
671,Wade Phillips,1993,46,0,3,0,0,5,12,0,0,,,,0.533950617,0.475308642,0.533950617,,,,0.625,0.462962963,0.555555556,0.444444444,0.75,0.5,0.5,0.5,0
672,Wade Phillips,1998,51,1,3,0,0,5,15,2,1,,,,0.562792678,0.492890592,0.484631758,0.518518519,0.592592593,0.425925926,0.5,0.120689655,0.431034483,0.603448276,0.5,0.5,0,0.65625,1
673,Wade Phillips,2003,56,2,3,0,0,5,16,5,1,,,,0.553827813,0.510472027,0.514826144,0.752924649,0.635427842,0.5499106,0.515625,0.735483871,0.534946237,0.308064516,0.458333333,0.5,0.5,0.666666667,0
674,Wade Phillips,2007,60,3,3,0,0,5,19,6,1,,,,0.559759924,0.540227717,0.511636278,0.632813551,0.551028578,0.555033027,0.5625,0.483870968,0.677419355,0.677419355,0.5,0.5,0,0.6875,1
675,Wally Hess,1922,28,0,0,0,0,0,0,0,0,,,,,,,,,,0.292857143,1,0.238461538,1,0.315384615,,,0.148809524,1
676,Wally Lemm,1961,42,0,0,0,5,0,0,0,0,,,,,,,,,,0.714285714,0.857142857,0.857142857,0.428571429,1,0.5,0.5,0.660714286,0
677,Wally Lemm,1962,43,1,0,0,5,0,0,1,0,,,,,,,1,1,0.714285714,0.330357143,0.756410256,0.282051282,0.198717949,0.166666667,0,0,0.482142857,1
678,Wally Lemm,1966,47,2,0,0,5,0,0,5,0,,,,,,,0.753846154,0.6,0.465934066,0.285714286,0.357142857,0.142857143,0.142857143,0,0,0,0.446428571,2
679,Wally McIlwain,1926,23,0,0,0,0,0,0,0,0,,,,,,,,,,0.55,1,0.529411765,1,0.647058824,,,0,0
680,Walt Driskill,1949,36,0,4,0,0,0,0,0,0,,,,,,,,,,0.339285714,0.428571429,0.357142857,0.428571429,0.5,0.5,0,0.125,0
681,Walt Kiesling,1939,36,0,0,0,0,0,0,0,0,,,,,,,,,,0.272727273,0.222222222,0.222222222,0.388888889,0.25,0,0,0.230113636,1
682,Walt Kiesling,1943,40,1,0,0,0,0,0,4,0,,,,,,,0.222222222,0.222222222,0.194444444,0.204545455,0.388888889,0.222222222,0.444444444,0.125,0,0,0.275,0
683,Walt Kiesling,1944,41,2,0,0,0,0,0,5,0,,,,,,,0.333333333,0.288888889,0.288888889,0.136363636,0.222222222,0.222222222,0.388888889,0.125,0,0,0,0
684,Walt Kiesling,1954,51,3,0,0,0,9,0,6,1,,,,,,,0.311111111,0.257407407,0.257407407,0.458333333,0.636363636,0.5,0.318181818,0.4,0,0,0.375,1
685,Walt Koppisch,1925,24,0,0,0,0,0,0,0,0,,,,,,,,,,0.543560606,1,0.60371517,1,0.580495356,,,0.222222222,0
686,Walt Michaels,1977,48,0,0,0,0,10,5,0,0,,,,0.158222222,0.286814815,0.512296296,,,,0.214285714,0.118518519,0.058518519,0.057037037,0.25,0,0,0.357142857,2
687,Wayne Brenkert,1923,25,0,0,0,0,0,0,0,0,,,,,,,,,,0.554166667,1,0.857352941,1,0.685294118,,,0.375,0
688,Wayne Fontes,1989,49,0,0,0,0,6,7,0,0,,,,0.433862434,0.365079365,0.502645503,,,,0.258333333,0.518518519,0.074074074,0.037037037,0.125,0,0,0.40625,3
689,Wayne Millner,1951,38,0,0,0,0,5,0,0,0,,,,,,,,,,0.708333333,0.875,0.875,0.958333333,0.8,0.5,0.5,0.2,0
690,Weeb Ewbank,1954,47,0,0,0,2,5,0,0,0,,,,,,,,,,0.25,0.818181818,0,0,0.2,0,0,0.354166667,3
691,Weeb Ewbank,1963,56,1,0,0,2,5,0,9,0,,,,,,,0.721121471,0.580678581,0.563649314,0.428571429,0.142857143,0.214285714,0.142857143,0.166666667,0,0,0.392857143,3
692,Willie Wilkin,1946,30,0,0,0,0,0,0,0,0,,,,,,,,,,,,,,,,,0.5,0
